ID,File ID,Consigna,File Exists
11410001,POS1_11410001.txt,Creus que les persones de la teva edat han d’anar a l’escola?,false
11410002,POS1_11410002.txt,Creus que les persones de la teva edat han d’anar a l’escola?,true
11410003,POS1_11410003.txt,Creus que les persones de la teva edat han d’anar a l’escola?,true
11410004,POS1_11410004.txt,Creus que les persones de la teva edat han d’anar a l’escola?,true
11410005,POS1_11410005.txt,Creus que les persones de la teva edat han d’anar a l’escola?,true
11410006,POS1_11410006.txt,Creus que les persones de la teva edat han d’anar a l’escola?,true
11410007,POS1_11410007.txt,Creus que les persones de la teva edat han d’anar a l’escola?,true
11410008,POS1_11410008.txt,Creus que les persones de la teva edat han d’anar a l’escola?,true
11410009,POS1_11410009.txt,Creus que les persones de la teva edat han d’anar a l’escola?,true
11410010,POS1_11410010.txt,Creus que les persones de la teva edat han d’anar a l’escola?,true
11410011,POS1_11410011.txt,Creus que les persones de la teva edat han d’anar a l’escola?,true
11410012,POS1_11410012.txt,Creus que les persones de la teva edat han d’anar a l’escola?,false
11410013,POS1_11410013.txt,Creus que les persones de la teva edat han d’anar a l’escola?,true
11410014,POS1_11410014.txt,Creus que les persones de la teva edat han d’anar a l’escola?,true
11410015,POS1_11410015.txt,Creus que les persones de la teva edat han d’anar a l’escola?,true
11410016,POS1_11410016.txt,Creus que les persones de la teva edat han d’anar a l’escola?,true
11410017,POS1_11410017.txt,Creus que les persones de la teva edat han d’anar a l’escola?,true
11410018,POS1_11410018.txt,Creus que les persones de la teva edat han d’anar a l’escola?,true
11410019,POS1_11410019.txt,Creus que les persones de la teva edat han d’anar a l’escola?,true
11410020,POS1_11410020.txt,Creus que les persones de la teva edat han d’anar a l’escola?,true
11410021,POS1_11410021.txt,Creus que les persones de la teva edat han d’anar a l’escola?,true
11420022,POS1_11420022.txt,Creus que les persones de la teva edat han d’anar a l’escola?,true
11420023,POS1_11420023.txt,Creus que les persones de la teva edat han d’anar a l’escola?,true
11420024,POS1_11420024.txt,Creus que les persones de la teva edat han d’anar a l’escola?,false
11420025,POS1_11420025.txt,Creus que les persones de la teva edat han d’anar a l’escola?,false
11420026,POS1_11420026.txt,Creus que les persones de la teva edat han d’anar a l’escola?,false
11420027,POS1_11420027.txt,Creus que les persones de la teva edat han d’anar a l’escola?,false
11420028,POS1_11420028.txt,Creus que les persones de la teva edat han d’anar a l’escola?,false
11420029,POS1_11420029.txt,Creus que les persones de la teva edat han d’anar a l’escola?,true
11420030,POS1_11420030.txt,Creus que les persones de la teva edat han d’anar a l’escola?,true
11420031,POS1_11420031.txt,Creus que les persones de la teva edat han d’anar a l’escola?,true
11420032,POS1_11420032.txt,Creus que les persones de la teva edat han d’anar a l’escola?,false
11420033,POS1_11420033.txt,Creus que les persones de la teva edat han d’anar a l’escola?,true
11420034,POS1_11420034.txt,Creus que les persones de la teva edat han d’anar a l’escola?,true
11420035,POS1_11420035.txt,Creus que les persones de la teva edat han d’anar a l’escola?,true
11420036,POS1_11420036.txt,Creus que les persones de la teva edat han d’anar a l’escola?,true
11420037,POS1_11420037.txt,Creus que les persones de la teva edat han d’anar a l’escola?,false
11420038,POS1_11420038.txt,Creus que les persones de la teva edat han d’anar a l’escola?,true
11420039,POS1_11420039.txt,Creus que les persones de la teva edat han d’anar a l’escola?,true
11420040,POS1_11420040.txt,Creus que les persones de la teva edat han d’anar a l’escola?,true
11420041,POS1_11420041.txt,Creus que les persones de la teva edat han d’anar a l’escola?,true
11430042,POS1_11430042.txt,Creus que les persones de la teva edat han d’anar a l’escola?,true
11430043,POS1_11430043.txt,Creus que les persones de la teva edat han d’anar a l’escola?,true
11430044,POS1_11430044.txt,Creus que les persones de la teva edat han d’anar a l’escola?,true
11430045,POS1_11430045.txt,Creus que les persones de la teva edat han d’anar a l’escola?,true
11430046,POS1_11430046.txt,Creus que les persones de la teva edat han d’anar a l’escola?,false
11430047,POS1_11430047.txt,Creus que les persones de la teva edat han d’anar a l’escola?,true
11430048,POS1_11430048.txt,Creus que les persones de la teva edat han d’anar a l’escola?,true
11430049,POS1_11430049.txt,Creus que les persones de la teva edat han d’anar a l’escola?,true
11430050,POS1_11430050.txt,Creus que les persones de la teva edat han d’anar a l’escola?,true
11430051,POS1_11430051.txt,Creus que les persones de la teva edat han d’anar a l’escola?,true
11430052,POS1_11430052.txt,Creus que les persones de la teva edat han d’anar a l’escola?,true
11430053,POS1_11430053.txt,Creus que les persones de la teva edat han d’anar a l’escola?,true
11430054,POS1_11430054.txt,Creus que les persones de la teva edat han d’anar a l’escola?,true
11430055,POS1_11430055.txt,Creus que les persones de la teva edat han d’anar a l’escola?,true
11430056,POS1_11430056.txt,Creus que les persones de la teva edat han d’anar a l’escola?,true
11430057,POS1_11430057.txt,Creus que les persones de la teva edat han d’anar a l’escola?,true
11430058,POS1_11430058.txt,Creus que les persones de la teva edat han d’anar a l’escola?,false
11430059,POS1_11430059.txt,Creus que les persones de la teva edat han d’anar a l’escola?,true
11430060,POS1_11430060.txt,Creus que les persones de la teva edat han d’anar a l’escola?,true
11430061,POS1_11430061.txt,Creus que les persones de la teva edat han d’anar a l’escola?,true
11430062,POS1_11430062.txt,Creus que les persones de la teva edat han d’anar a l’escola?,true
11510063,POS1_11510063.txt,Creus que les persones de la teva edat han d’anar a l’escola?,true
11510064,POS1_11510064.txt,Creus que les persones de la teva edat han d’anar a l’escola?,true
11510065,POS1_11510065.txt,Creus que les persones de la teva edat han d’anar a l’escola?,true
11510066,POS1_11510066.txt,Creus que les persones de la teva edat han d’anar a l’escola?,false
11510067,POS1_11510067.txt,Creus que les persones de la teva edat han d’anar a l’escola?,true
11510068,POS1_11510068.txt,Creus que les persones de la teva edat han d’anar a l’escola?,true
11510069,POS1_11510069.txt,Creus que les persones de la teva edat han d’anar a l’escola?,true
11510070,POS1_11510070.txt,Creus que les persones de la teva edat han d’anar a l’escola?,true
11510071,POS1_11510071.txt,Creus que les persones de la teva edat han d’anar a l’escola?,true
11510072,POS1_11510072.txt,Creus que les persones de la teva edat han d’anar a l’escola?,true
11510073,POS1_11510073.txt,Creus que les persones de la teva edat han d’anar a l’escola?,true
11510074,POS1_11510074.txt,Creus que les persones de la teva edat han d’anar a l’escola?,true
11510075,POS1_11510075.txt,Creus que les persones de la teva edat han d’anar a l’escola?,true
11510076,POS1_11510076.txt,Creus que les persones de la teva edat han d’anar a l’escola?,false
11510077,POS1_11510077.txt,Creus que les persones de la teva edat han d’anar a l’escola?,true
11510078,POS1_11510078.txt,Creus que les persones de la teva edat han d’anar a l’escola?,true
11510079,POS1_11510079.txt,Creus que les persones de la teva edat han d’anar a l’escola?,true
11510080,POS1_11510080.txt,Creus que les persones de la teva edat han d’anar a l’escola?,true
11510081,POS1_11510081.txt,Creus que les persones de la teva edat han d’anar a l’escola?,true
11510082,POS1_11510082.txt,Creus que les persones de la teva edat han d’anar a l’escola?,true
11510083,POS1_11510083.txt,Creus que les persones de la teva edat han d’anar a l’escola?,true
11510084,POS1_11510084.txt,Creus que les persones de la teva edat han d’anar a l’escola?,true
11510085,POS1_11510085.txt,Creus que les persones de la teva edat han d’anar a l’escola?,true
11510086,POS1_11510086.txt,Creus que les persones de la teva edat han d’anar a l’escola?,true
11510087,POS1_11510087.txt,Creus que les persones de la teva edat han d’anar a l’escola?,true
11520088,POS1_11520088.txt,Creus que les persones de la teva edat han d’anar a l’escola?,true
11520089,POS1_11520089.txt,Creus que les persones de la teva edat han d’anar a l’escola?,true
11520090,POS1_11520090.txt,Creus que les persones de la teva edat han d’anar a l’escola?,true
11520091,POS1_11520091.txt,Creus que les persones de la teva edat han d’anar a l’escola?,true
11520092,POS1_11520092.txt,Creus que les persones de la teva edat han d’anar a l’escola?,true
11520093,POS1_11520093.txt,Creus que les persones de la teva edat han d’anar a l’escola?,true
11520094,POS1_11520094.txt,Creus que les persones de la teva edat han d’anar a l’escola?,false
11520095,POS1_11520095.txt,Creus que les persones de la teva edat han d’anar a l’escola?,true
11520096,POS1_11520096.txt,Creus que les persones de la teva edat han d’anar a l’escola?,true
11520097,POS1_11520097.txt,Creus que les persones de la teva edat han d’anar a l’escola?,true
11520098,POS1_11520098.txt,Creus que les persones de la teva edat han d’anar a l’escola?,true
11520099,POS1_11520099.txt,Creus que les persones de la teva edat han d’anar a l’escola?,true
11520100,POS1_11520100.txt,Creus que les persones de la teva edat han d’anar a l’escola?,true
11520101,POS1_11520101.txt,Creus que les persones de la teva edat han d’anar a l’escola?,true
11520102,POS1_11520102.txt,Creus que les persones de la teva edat han d’anar a l’escola?,true
11520103,POS1_11520103.txt,Creus que les persones de la teva edat han d’anar a l’escola?,true
11520104,POS1_11520104.txt,Creus que les persones de la teva edat han d’anar a l’escola?,true
11520105,POS1_11520105.txt,Creus que les persones de la teva edat han d’anar a l’escola?,true
11520106,POS1_11520106.txt,Creus que les persones de la teva edat han d’anar a l’escola?,true
11520107,POS1_11520107.txt,Creus que les persones de la teva edat han d’anar a l’escola?,true
11520108,POS1_11520108.txt,Creus que les persones de la teva edat han d’anar a l’escola?,true
11520109,POS1_11520109.txt,Creus que les persones de la teva edat han d’anar a l’escola?,true
11520110,POS1_11520110.txt,Creus que les persones de la teva edat han d’anar a l’escola?,true
11520111,POS1_11520111.txt,Creus que les persones de la teva edat han d’anar a l’escola?,true
11520112,POS1_11520112.txt,Creus que les persones de la teva edat han d’anar a l’escola?,true
12410113,POS1_12410113.txt,Creus que les persones de la teva edat han de tenir mòbil?,true
12410114,POS1_12410114.txt,Creus que les persones de la teva edat han de tenir mòbil?,true
12410115,POS1_12410115.txt,Creus que les persones de la teva edat han de tenir mòbil?,true
12410116,POS1_12410116.txt,Creus que les persones de la teva edat han de tenir mòbil?,true
12410117,POS1_12410117.txt,Creus que les persones de la teva edat han de tenir mòbil?,true
12410118,POS1_12410118.txt,Creus que les persones de la teva edat han de tenir mòbil?,true
12410119,POS1_12410119.txt,Creus que les persones de la teva edat han de tenir mòbil?,true
12410120,POS1_12410120.txt,Creus que les persones de la teva edat han de tenir mòbil?,true
12410121,POS1_12410121.txt,Creus que les persones de la teva edat han de tenir mòbil?,true
12410122,POS1_12410122.txt,Creus que les persones de la teva edat han de tenir mòbil?,true
12410123,POS1_12410123.txt,Creus que les persones de la teva edat han de tenir mòbil?,true
12410124,POS1_12410124.txt,Creus que les persones de la teva edat han de tenir mòbil?,true
12410125,POS1_12410125.txt,Creus que les persones de la teva edat han de tenir mòbil?,true
12410126,POS1_12410126.txt,Creus que les persones de la teva edat han de tenir mòbil?,true
12410127,POS1_12410127.txt,Creus que les persones de la teva edat han de tenir mòbil?,true
12410128,POS1_12410128.txt,Creus que les persones de la teva edat han de tenir mòbil?,true
12410129,POS1_12410129.txt,Creus que les persones de la teva edat han de tenir mòbil?,true
12410130,POS1_12410130.txt,Creus que les persones de la teva edat han de tenir mòbil?,true
12410131,POS1_12410131.txt,Creus que les persones de la teva edat han de tenir mòbil?,false
12410132,POS1_12410132.txt,Creus que les persones de la teva edat han de tenir mòbil?,false
12410133,POS1_12410133.txt,Creus que les persones de la teva edat han de tenir mòbil?,true
12410134,POS1_12410134.txt,Creus que les persones de la teva edat han de tenir mòbil?,true
12410135,POS1_12410135.txt,Creus que les persones de la teva edat han de tenir mòbil?,true
12410136,POS1_12410136.txt,Creus que les persones de la teva edat han de tenir mòbil?,true
12420137,POS1_12420137.txt,Creus que les persones de la teva edat han de tenir mòbil?,true
12420138,POS1_12420138.txt,Creus que les persones de la teva edat han de tenir mòbil?,true
12420139,POS1_12420139.txt,Creus que les persones de la teva edat han de tenir mòbil?,false
12420140,POS1_12420140.txt,Creus que les persones de la teva edat han de tenir mòbil?,true
12420141,POS1_12420141.txt,Creus que les persones de la teva edat han de tenir mòbil?,true
12420142,POS1_12420142.txt,Creus que les persones de la teva edat han de tenir mòbil?,true
12420143,POS1_12420143.txt,Creus que les persones de la teva edat han de tenir mòbil?,true
12420144,POS1_12420144.txt,Creus que les persones de la teva edat han de tenir mòbil?,true
12420145,POS1_12420145.txt,Creus que les persones de la teva edat han de tenir mòbil?,true
12420146,POS1_12420146.txt,Creus que les persones de la teva edat han de tenir mòbil?,true
12420147,POS1_12420147.txt,Creus que les persones de la teva edat han de tenir mòbil?,false
12420148,POS1_12420148.txt,Creus que les persones de la teva edat han de tenir mòbil?,false
12420149,POS1_12420149.txt,Creus que les persones de la teva edat han de tenir mòbil?,true
12420150,POS1_12420150.txt,Creus que les persones de la teva edat han de tenir mòbil?,true
12420151,POS1_12420151.txt,Creus que les persones de la teva edat han de tenir mòbil?,true
12420152,POS1_12420152.txt,Creus que les persones de la teva edat han de tenir mòbil?,true
12420153,POS1_12420153.txt,Creus que les persones de la teva edat han de tenir mòbil?,false
12420154,POS1_12420154.txt,Creus que les persones de la teva edat han de tenir mòbil?,true
12420155,POS1_12420155.txt,Creus que les persones de la teva edat han de tenir mòbil?,false
12420156,POS1_12420156.txt,Creus que les persones de la teva edat han de tenir mòbil?,true
12420157,POS1_12420157.txt,Creus que les persones de la teva edat han de tenir mòbil?,true
12420158,POS1_12420158.txt,Creus que les persones de la teva edat han de tenir mòbil?,false
12420159,POS1_12420159.txt,Creus que les persones de la teva edat han de tenir mòbil?,true
12420160,POS1_12420160.txt,Creus que les persones de la teva edat han de tenir mòbil?,true
12420161,POS1_12420161.txt,Creus que les persones de la teva edat han de tenir mòbil?,true
12420162,POS1_12420162.txt,Creus que les persones de la teva edat han de tenir mòbil?,true
12510163,POS1_12510163.txt,Creus que les persones de la teva edat han de tenir mòbil?,true
12510164,POS1_12510164.txt,Creus que les persones de la teva edat han de tenir mòbil?,true
12510165,POS1_12510165.txt,Creus que les persones de la teva edat han de tenir mòbil?,true
12510166,POS1_12510166.txt,Creus que les persones de la teva edat han de tenir mòbil?,false
12510167,POS1_12510167.txt,Creus que les persones de la teva edat han de tenir mòbil?,false
12510168,POS1_12510168.txt,Creus que les persones de la teva edat han de tenir mòbil?,true
12510169,POS1_12510169.txt,Creus que les persones de la teva edat han de tenir mòbil?,false
12510170,POS1_12510170.txt,Creus que les persones de la teva edat han de tenir mòbil?,true
12510171,POS1_12510171.txt,Creus que les persones de la teva edat han de tenir mòbil?,true
12510172,POS1_12510172.txt,Creus que les persones de la teva edat han de tenir mòbil?,true
12510173,POS1_12510173.txt,Creus que les persones de la teva edat han de tenir mòbil?,false
12510174,POS1_12510174.txt,Creus que les persones de la teva edat han de tenir mòbil?,true
12510175,POS1_12510175.txt,Creus que les persones de la teva edat han de tenir mòbil?,true
12510176,POS1_12510176.txt,Creus que les persones de la teva edat han de tenir mòbil?,true
12510177,POS1_12510177.txt,Creus que les persones de la teva edat han de tenir mòbil?,true
12510178,POS1_12510178.txt,Creus que les persones de la teva edat han de tenir mòbil?,true
12510179,POS1_12510179.txt,Creus que les persones de la teva edat han de tenir mòbil?,false
12510180,POS1_12510180.txt,Creus que les persones de la teva edat han de tenir mòbil?,true
12510181,POS1_12510181.txt,Creus que les persones de la teva edat han de tenir mòbil?,true
12510182,POS1_12510182.txt,Creus que les persones de la teva edat han de tenir mòbil?,false
12510183,POS1_12510183.txt,Creus que les persones de la teva edat han de tenir mòbil?,true
12510184,POS1_12510184.txt,Creus que les persones de la teva edat han de tenir mòbil?,false
12510185,POS1_12510185.txt,Creus que les persones de la teva edat han de tenir mòbil?,true
12510186,POS1_12510186.txt,Creus que les persones de la teva edat han de tenir mòbil?,true
12510187,POS1_12510187.txt,Creus que les persones de la teva edat han de tenir mòbil?,true
12520188,POS1_12520188.txt,Creus que les persones de la teva edat han de tenir mòbil?,true
12520189,POS1_12520189.txt,Creus que les persones de la teva edat han de tenir mòbil?,true
12520190,POS1_12520190.txt,Creus que les persones de la teva edat han de tenir mòbil?,true
12520191,POS1_12520191.txt,Creus que les persones de la teva edat han de tenir mòbil?,true
12520192,POS1_12520192.txt,Creus que les persones de la teva edat han de tenir mòbil?,true
12520193,POS1_12520193.txt,Creus que les persones de la teva edat han de tenir mòbil?,true
12520194,POS1_12520194.txt,Creus que les persones de la teva edat han de tenir mòbil?,true
12520195,POS1_12520195.txt,Creus que les persones de la teva edat han de tenir mòbil?,true
12520196,POS1_12520196.txt,Creus que les persones de la teva edat han de tenir mòbil?,true
12520197,POS1_12520197.txt,Creus que les persones de la teva edat han de tenir mòbil?,true
12520198,POS1_12520198.txt,Creus que les persones de la teva edat han de tenir mòbil?,true
12520199,POS1_12520199.txt,Creus que les persones de la teva edat han de tenir mòbil?,true
12520200,POS1_12520200.txt,Creus que les persones de la teva edat han de tenir mòbil?,true
12520201,POS1_12520201.txt,Creus que les persones de la teva edat han de tenir mòbil?,true
12520202,POS1_12520202.txt,Creus que les persones de la teva edat han de tenir mòbil?,true
12520203,POS1_12520203.txt,Creus que les persones de la teva edat han de tenir mòbil?,true
12520204,POS1_12520204.txt,Creus que les persones de la teva edat han de tenir mòbil?,false
12520205,POS1_12520205.txt,Creus que les persones de la teva edat han de tenir mòbil?,true
12520206,POS1_12520206.txt,Creus que les persones de la teva edat han de tenir mòbil?,true
12520207,POS1_12520207.txt,Creus que les persones de la teva edat han de tenir mòbil?,true
12520208,POS1_12520208.txt,Creus que les persones de la teva edat han de tenir mòbil?,true
12520209,POS1_12520209.txt,Creus que les persones de la teva edat han de tenir mòbil?,true
12520210,POS1_12520210.txt,Creus que les persones de la teva edat han de tenir mòbil?,true
12520211,POS1_12520211.txt,Creus que les persones de la teva edat han de tenir mòbil?,true
12520212,POS1_12520212.txt,Creus que les persones de la teva edat han de tenir mòbil?,true
12520213,POS1_12520213.txt,Creus que les persones de la teva edat han de tenir mòbil?,true
13410294,POS1_13410294.txt,"Creus que a l’escola es necessita temps de pati, el temps d’esbarjo?",false
13410295,POS1_13410295.txt,"Creus que a l’escola es necessita temps de pati, el temps d’esbarjo?",true
13410296,POS1_13410296.txt,"Creus que a l’escola es necessita temps de pati, el temps d’esbarjo?",true
13410297,POS1_13410297.txt,"Creus que a l’escola es necessita temps de pati, el temps d’esbarjo?",false
13410298,POS1_13410298.txt,"Creus que a l’escola es necessita temps de pati, el temps d’esbarjo?",true
13410299,POS1_13410299.txt,"Creus que a l’escola es necessita temps de pati, el temps d’esbarjo?",true
13410300,POS1_13410300.txt,"Creus que a l’escola es necessita temps de pati, el temps d’esbarjo?",false
13410301,POS1_13410301.txt,"Creus que a l’escola es necessita temps de pati, el temps d’esbarjo?",true
13410302,POS1_13410302.txt,"Creus que a l’escola es necessita temps de pati, el temps d’esbarjo?",true
13410303,POS1_13410303.txt,"Creus que a l’escola es necessita temps de pati, el temps d’esbarjo?",true
13410304,POS1_13410304.txt,"Creus que a l’escola es necessita temps de pati, el temps d’esbarjo?",true
13410305,POS1_13410305.txt,"Creus que a l’escola es necessita temps de pati, el temps d’esbarjo?",true
13410306,POS1_13410306.txt,"Creus que a l’escola es necessita temps de pati, el temps d’esbarjo?",true
13410307,POS1_13410307.txt,"Creus que a l’escola es necessita temps de pati, el temps d’esbarjo?",true
13410308,POS1_13410308.txt,"Creus que a l’escola es necessita temps de pati, el temps d’esbarjo?",false
13410309,POS1_13410309.txt,"Creus que a l’escola es necessita temps de pati, el temps d’esbarjo?",true
13410310,POS1_13410310.txt,"Creus que a l’escola es necessita temps de pati, el temps d’esbarjo?",true
13410311,POS1_13410311.txt,"Creus que a l’escola es necessita temps de pati, el temps d’esbarjo?",true
13410312,POS1_13410312.txt,"Creus que a l’escola es necessita temps de pati, el temps d’esbarjo?",false
13410313,POS1_13410313.txt,"Creus que a l’escola es necessita temps de pati, el temps d’esbarjo?",true
13410314,POS1_13410314.txt,"Creus que a l’escola es necessita temps de pati, el temps d’esbarjo?",false
13410315,POS1_13410315.txt,"Creus que a l’escola es necessita temps de pati, el temps d’esbarjo?",true
13410316,POS1_13410316.txt,"Creus que a l’escola es necessita temps de pati, el temps d’esbarjo?",false
13410317,POS1_13410317.txt,"Creus que a l’escola es necessita temps de pati, el temps d’esbarjo?",false
13410318,POS1_13410318.txt,"Creus que a l’escola es necessita temps de pati, el temps d’esbarjo?",false
13410319,POS1_13410319.txt,"Creus que a l’escola es necessita temps de pati, el temps d’esbarjo?",true
13420214,POS1_13420214.txt,"Creus que a l’escola es necessita temps de pati, el temps d’esbarjo?",true
13420215,POS1_13420215.txt,"Creus que a l’escola es necessita temps de pati, el temps d’esbarjo?",true
13420216,POS1_13420216.txt,"Creus que a l’escola es necessita temps de pati, el temps d’esbarjo?",true
13420217,POS1_13420217.txt,"Creus que a l’escola es necessita temps de pati, el temps d’esbarjo?",true
13420218,POS1_13420218.txt,"Creus que a l’escola es necessita temps de pati, el temps d’esbarjo?",true
13420219,POS1_13420219.txt,"Creus que a l’escola es necessita temps de pati, el temps d’esbarjo?",true
13420220,POS1_13420220.txt,"Creus que a l’escola es necessita temps de pati, el temps d’esbarjo?",true
13420221,POS1_13420221.txt,"Creus que a l’escola es necessita temps de pati, el temps d’esbarjo?",true
13420222,POS1_13420222.txt,"Creus que a l’escola es necessita temps de pati, el temps d’esbarjo?",false
13420223,POS1_13420223.txt,"Creus que a l’escola es necessita temps de pati, el temps d’esbarjo?",true
13420224,POS1_13420224.txt,"Creus que a l’escola es necessita temps de pati, el temps d’esbarjo?",true
13420225,POS1_13420225.txt,"Creus que a l’escola es necessita temps de pati, el temps d’esbarjo?",true
13420226,POS1_13420226.txt,"Creus que a l’escola es necessita temps de pati, el temps d’esbarjo?",false
13420227,POS1_13420227.txt,"Creus que a l’escola es necessita temps de pati, el temps d’esbarjo?",true
13420228,POS1_13420228.txt,"Creus que a l’escola es necessita temps de pati, el temps d’esbarjo?",true
13420229,POS1_13420229.txt,"Creus que a l’escola es necessita temps de pati, el temps d’esbarjo?",false
13420230,POS1_13420230.txt,"Creus que a l’escola es necessita temps de pati, el temps d’esbarjo?",false
13420231,POS1_13420231.txt,"Creus que a l’escola es necessita temps de pati, el temps d’esbarjo?",true
13420232,POS1_13420232.txt,"Creus que a l’escola es necessita temps de pati, el temps d’esbarjo?",true
13420233,POS1_13420233.txt,"Creus que a l’escola es necessita temps de pati, el temps d’esbarjo?",true
13420234,POS1_13420234.txt,"Creus que a l’escola es necessita temps de pati, el temps d’esbarjo?",true
13420235,POS1_13420235.txt,"Creus que a l’escola es necessita temps de pati, el temps d’esbarjo?",false
13420236,POS1_13420236.txt,"Creus que a l’escola es necessita temps de pati, el temps d’esbarjo?",true
13420237,POS1_13420237.txt,"Creus que a l’escola es necessita temps de pati, el temps d’esbarjo?",true
13420238,POS1_13420238.txt,"Creus que a l’escola es necessita temps de pati, el temps d’esbarjo?",true
13420239,POS1_13420239.txt,"Creus que a l’escola es necessita temps de pati, el temps d’esbarjo?",true
13420240,POS1_13420240.txt,"Creus que a l’escola es necessita temps de pati, el temps d’esbarjo?",false
13510241,POS1_13510241.txt,"Creus que a l’escola es necessita temps de pati, el temps d’esbarjo?",false
13510242,POS1_13510242.txt,"Creus que a l’escola es necessita temps de pati, el temps d’esbarjo?",false
13510243,POS1_13510243.txt,"Creus que a l’escola es necessita temps de pati, el temps d’esbarjo?",false
13510244,POS1_13510244.txt,"Creus que a l’escola es necessita temps de pati, el temps d’esbarjo?",false
13510245,POS1_13510245.txt,"Creus que a l’escola es necessita temps de pati, el temps d’esbarjo?",false
13510246,POS1_13510246.txt,"Creus que a l’escola es necessita temps de pati, el temps d’esbarjo?",true
13510247,POS1_13510247.txt,"Creus que a l’escola es necessita temps de pati, el temps d’esbarjo?",true
13510248,POS1_13510248.txt,"Creus que a l’escola es necessita temps de pati, el temps d’esbarjo?",true
13510249,POS1_13510249.txt,"Creus que a l’escola es necessita temps de pati, el temps d’esbarjo?",true
13510250,POS1_13510250.txt,"Creus que a l’escola es necessita temps de pati, el temps d’esbarjo?",true
13510251,POS1_13510251.txt,"Creus que a l’escola es necessita temps de pati, el temps d’esbarjo?",false
13510252,POS1_13510252.txt,"Creus que a l’escola es necessita temps de pati, el temps d’esbarjo?",true
13510253,POS1_13510253.txt,"Creus que a l’escola es necessita temps de pati, el temps d’esbarjo?",false
13510254,POS1_13510254.txt,"Creus que a l’escola es necessita temps de pati, el temps d’esbarjo?",false
13510255,POS1_13510255.txt,"Creus que a l’escola es necessita temps de pati, el temps d’esbarjo?",true
13510256,POS1_13510256.txt,"Creus que a l’escola es necessita temps de pati, el temps d’esbarjo?",true
13510257,POS1_13510257.txt,"Creus que a l’escola es necessita temps de pati, el temps d’esbarjo?",false
13510258,POS1_13510258.txt,"Creus que a l’escola es necessita temps de pati, el temps d’esbarjo?",true
13510259,POS1_13510259.txt,"Creus que a l’escola es necessita temps de pati, el temps d’esbarjo?",true
13510260,POS1_13510260.txt,"Creus que a l’escola es necessita temps de pati, el temps d’esbarjo?",false
13510261,POS1_13510261.txt,"Creus que a l’escola es necessita temps de pati, el temps d’esbarjo?",false
13510262,POS1_13510262.txt,"Creus que a l’escola es necessita temps de pati, el temps d’esbarjo?",true
13510263,POS1_13510263.txt,"Creus que a l’escola es necessita temps de pati, el temps d’esbarjo?",false
13510264,POS1_13510264.txt,"Creus que a l’escola es necessita temps de pati, el temps d’esbarjo?",true
13510265,POS1_13510265.txt,"Creus que a l’escola es necessita temps de pati, el temps d’esbarjo?",true
13510266,POS1_13510266.txt,"Creus que a l’escola es necessita temps de pati, el temps d’esbarjo?",true
13510267,POS1_13510267.txt,"Creus que a l’escola es necessita temps de pati, el temps d’esbarjo?",true
13520268,POS1_13520268.txt,"Creus que a l’escola es necessita temps de pati, el temps d’esbarjo?",true
13520269,POS1_13520269.txt,"Creus que a l’escola es necessita temps de pati, el temps d’esbarjo?",true
13520270,POS1_13520270.txt,"Creus que a l’escola es necessita temps de pati, el temps d’esbarjo?",true
13520271,POS1_13520271.txt,"Creus que a l’escola es necessita temps de pati, el temps d’esbarjo?",true
13520272,POS1_13520272.txt,"Creus que a l’escola es necessita temps de pati, el temps d’esbarjo?",true
13520273,POS1_13520273.txt,"Creus que a l’escola es necessita temps de pati, el temps d’esbarjo?",true
13520274,POS1_13520274.txt,"Creus que a l’escola es necessita temps de pati, el temps d’esbarjo?",false
13520275,POS1_13520275.txt,"Creus que a l’escola es necessita temps de pati, el temps d’esbarjo?",false
13520276,POS1_13520276.txt,"Creus que a l’escola es necessita temps de pati, el temps d’esbarjo?",true
13520277,POS1_13520277.txt,"Creus que a l’escola es necessita temps de pati, el temps d’esbarjo?",true
13520278,POS1_13520278.txt,"Creus que a l’escola es necessita temps de pati, el temps d’esbarjo?",true
13520279,POS1_13520279.txt,"Creus que a l’escola es necessita temps de pati, el temps d’esbarjo?",true
13520280,POS1_13520280.txt,"Creus que a l’escola es necessita temps de pati, el temps d’esbarjo?",true
13520281,POS1_13520281.txt,"Creus que a l’escola es necessita temps de pati, el temps d’esbarjo?",true
13520282,POS1_13520282.txt,"Creus que a l’escola es necessita temps de pati, el temps d’esbarjo?",false
13520283,POS1_13520283.txt,"Creus que a l’escola es necessita temps de pati, el temps d’esbarjo?",true
13520284,POS1_13520284.txt,"Creus que a l’escola es necessita temps de pati, el temps d’esbarjo?",true
13520285,POS1_13520285.txt,"Creus que a l’escola es necessita temps de pati, el temps d’esbarjo?",true
13520286,POS1_13520286.txt,"Creus que a l’escola es necessita temps de pati, el temps d’esbarjo?",true
13520287,POS1_13520287.txt,"Creus que a l’escola es necessita temps de pati, el temps d’esbarjo?",false
13520288,POS1_13520288.txt,"Creus que a l’escola es necessita temps de pati, el temps d’esbarjo?",false
13520289,POS1_13520289.txt,"Creus que a l’escola es necessita temps de pati, el temps d’esbarjo?",true
13520290,POS1_13520290.txt,"Creus que a l’escola es necessita temps de pati, el temps d’esbarjo?",true
13520291,POS1_13520291.txt,"Creus que a l’escola es necessita temps de pati, el temps d’esbarjo?",true
13520292,POS1_13520292.txt,"Creus que a l’escola es necessita temps de pati, el temps d’esbarjo?",true
13520293,POS1_13520293.txt,"Creus que a l’escola es necessita temps de pati, el temps d’esbarjo?",true
14410320,POS1_14410320.txt,Creus que les persones de la teva edat han d’anar a l’escola?,true
14410321,POS1_14410321.txt,Creus que les persones de la teva edat han d’anar a l’escola?,true
14410322,POS1_14410322.txt,Creus que les persones de la teva edat han d’anar a l’escola?,true
14410323,POS1_14410323.txt,Creus que les persones de la teva edat han d’anar a l’escola?,true
14410324,POS1_14410324.txt,Creus que les persones de la teva edat han d’anar a l’escola?,true
14410325,POS1_14410325.txt,Creus que les persones de la teva edat han d’anar a l’escola?,true
14410326,POS1_14410326.txt,Creus que les persones de la teva edat han d’anar a l’escola?,true
14410327,POS1_14410327.txt,Creus que les persones de la teva edat han d’anar a l’escola?,true
14410328,POS1_14410328.txt,Creus que les persones de la teva edat han d’anar a l’escola?,true
14410329,POS1_14410329.txt,Creus que les persones de la teva edat han d’anar a l’escola?,true
14410330,POS1_14410330.txt,Creus que les persones de la teva edat han d’anar a l’escola?,false
14410331,POS1_14410331.txt,Creus que les persones de la teva edat han d’anar a l’escola?,true
14410332,POS1_14410332.txt,Creus que les persones de la teva edat han d’anar a l’escola?,false
14410333,POS1_14410333.txt,Creus que les persones de la teva edat han d’anar a l’escola?,true
14410334,POS1_14410334.txt,Creus que les persones de la teva edat han d’anar a l’escola?,true
14410335,POS1_14410335.txt,Creus que les persones de la teva edat han d’anar a l’escola?,true
14410336,POS1_14410336.txt,Creus que les persones de la teva edat han d’anar a l’escola?,true
14410337,POS1_14410337.txt,Creus que les persones de la teva edat han d’anar a l’escola?,true
14410338,POS1_14410338.txt,Creus que les persones de la teva edat han d’anar a l’escola?,true
14410339,POS1_14410339.txt,Creus que les persones de la teva edat han d’anar a l’escola?,true
14410340,POS1_14410340.txt,Creus que les persones de la teva edat han d’anar a l’escola?,true
14410984,POS1_14410984.txt,Creus que les persones de la teva edat han d’anar a l’escola?,true
14420341,POS1_14420341.txt,Creus que les persones de la teva edat han d’anar a l’escola?,false
14420342,POS1_14420342.txt,Creus que les persones de la teva edat han d’anar a l’escola?,true
14420343,POS1_14420343.txt,Creus que les persones de la teva edat han d’anar a l’escola?,true
14420344,POS1_14420344.txt,Creus que les persones de la teva edat han d’anar a l’escola?,true
14420345,POS1_14420345.txt,Creus que les persones de la teva edat han d’anar a l’escola?,true
14420346,POS1_14420346.txt,Creus que les persones de la teva edat han d’anar a l’escola?,true
14420347,POS1_14420347.txt,Creus que les persones de la teva edat han d’anar a l’escola?,true
14420348,POS1_14420348.txt,Creus que les persones de la teva edat han d’anar a l’escola?,true
14420349,POS1_14420349.txt,Creus que les persones de la teva edat han d’anar a l’escola?,true
14420350,POS1_14420350.txt,Creus que les persones de la teva edat han d’anar a l’escola?,false
14420351,POS1_14420351.txt,Creus que les persones de la teva edat han d’anar a l’escola?,true
14420352,POS1_14420352.txt,Creus que les persones de la teva edat han d’anar a l’escola?,true
14420353,POS1_14420353.txt,Creus que les persones de la teva edat han d’anar a l’escola?,true
14420354,POS1_14420354.txt,Creus que les persones de la teva edat han d’anar a l’escola?,true
14420355,POS1_14420355.txt,Creus que les persones de la teva edat han d’anar a l’escola?,true
14420356,POS1_14420356.txt,Creus que les persones de la teva edat han d’anar a l’escola?,true
14420357,POS1_14420357.txt,Creus que les persones de la teva edat han d’anar a l’escola?,true
14420358,POS1_14420358.txt,Creus que les persones de la teva edat han d’anar a l’escola?,true
14420359,POS1_14420359.txt,Creus que les persones de la teva edat han d’anar a l’escola?,true
14420360,POS1_14420360.txt,Creus que les persones de la teva edat han d’anar a l’escola?,true
14420361,POS1_14420361.txt,Creus que les persones de la teva edat han d’anar a l’escola?,true
14420362,POS1_14420362.txt,Creus que les persones de la teva edat han d’anar a l’escola?,true
14420985,POS1_14420985.txt,Creus que les persones de la teva edat han d’anar a l’escola?,true
14510363,POS1_14510363.txt,Creus que les persones de la teva edat han d’anar a l’escola?,true
14510364,POS1_14510364.txt,Creus que les persones de la teva edat han d’anar a l’escola?,true
14510365,POS1_14510365.txt,Creus que les persones de la teva edat han d’anar a l’escola?,true
14510366,POS1_14510366.txt,Creus que les persones de la teva edat han d’anar a l’escola?,true
14510367,POS1_14510367.txt,Creus que les persones de la teva edat han d’anar a l’escola?,true
14510368,POS1_14510368.txt,Creus que les persones de la teva edat han d’anar a l’escola?,true
14510369,POS1_14510369.txt,Creus que les persones de la teva edat han d’anar a l’escola?,true
14510370,POS1_14510370.txt,Creus que les persones de la teva edat han d’anar a l’escola?,true
14510371,POS1_14510371.txt,Creus que les persones de la teva edat han d’anar a l’escola?,true
14510372,POS1_14510372.txt,Creus que les persones de la teva edat han d’anar a l’escola?,true
14510373,POS1_14510373.txt,Creus que les persones de la teva edat han d’anar a l’escola?,true
14510374,POS1_14510374.txt,Creus que les persones de la teva edat han d’anar a l’escola?,true
14510375,POS1_14510375.txt,Creus que les persones de la teva edat han d’anar a l’escola?,true
14510376,POS1_14510376.txt,Creus que les persones de la teva edat han d’anar a l’escola?,true
14510377,POS1_14510377.txt,Creus que les persones de la teva edat han d’anar a l’escola?,false
14510378,POS1_14510378.txt,Creus que les persones de la teva edat han d’anar a l’escola?,true
14510379,POS1_14510379.txt,Creus que les persones de la teva edat han d’anar a l’escola?,true
14510380,POS1_14510380.txt,Creus que les persones de la teva edat han d’anar a l’escola?,true
14510381,POS1_14510381.txt,Creus que les persones de la teva edat han d’anar a l’escola?,true
14510382,POS1_14510382.txt,Creus que les persones de la teva edat han d’anar a l’escola?,true
14510383,POS1_14510383.txt,Creus que les persones de la teva edat han d’anar a l’escola?,true
14510384,POS1_14510384.txt,Creus que les persones de la teva edat han d’anar a l’escola?,true
14510986,POS1_14510986.txt,Creus que les persones de la teva edat han d’anar a l’escola?,true
14520385,POS1_14520385.txt,Creus que les persones de la teva edat han d’anar a l’escola?,true
14520386,POS1_14520386.txt,Creus que les persones de la teva edat han d’anar a l’escola?,true
14520387,POS1_14520387.txt,Creus que les persones de la teva edat han d’anar a l’escola?,true
14520388,POS1_14520388.txt,Creus que les persones de la teva edat han d’anar a l’escola?,true
14520389,POS1_14520389.txt,Creus que les persones de la teva edat han d’anar a l’escola?,true
14520390,POS1_14520390.txt,Creus que les persones de la teva edat han d’anar a l’escola?,true
14520391,POS1_14520391.txt,Creus que les persones de la teva edat han d’anar a l’escola?,true
14520392,POS1_14520392.txt,Creus que les persones de la teva edat han d’anar a l’escola?,true
14520393,POS1_14520393.txt,Creus que les persones de la teva edat han d’anar a l’escola?,true
14520394,POS1_14520394.txt,Creus que les persones de la teva edat han d’anar a l’escola?,true
14520395,POS1_14520395.txt,Creus que les persones de la teva edat han d’anar a l’escola?,true
14520396,POS1_14520396.txt,Creus que les persones de la teva edat han d’anar a l’escola?,true
14520397,POS1_14520397.txt,Creus que les persones de la teva edat han d’anar a l’escola?,true
14520398,POS1_14520398.txt,Creus que les persones de la teva edat han d’anar a l’escola?,true
14520399,POS1_14520399.txt,Creus que les persones de la teva edat han d’anar a l’escola?,true
14520400,POS1_14520400.txt,Creus que les persones de la teva edat han d’anar a l’escola?,true
14520401,POS1_14520401.txt,Creus que les persones de la teva edat han d’anar a l’escola?,true
14520402,POS1_14520402.txt,Creus que les persones de la teva edat han d’anar a l’escola?,true
14520403,POS1_14520403.txt,Creus que les persones de la teva edat han d’anar a l’escola?,true
14520404,POS1_14520404.txt,Creus que les persones de la teva edat han d’anar a l’escola?,true
14520405,POS1_14520405.txt,Creus que les persones de la teva edat han d’anar a l’escola?,false
14520406,POS1_14520406.txt,Creus que les persones de la teva edat han d’anar a l’escola?,true
14520407,POS1_14520407.txt,Creus que les persones de la teva edat han d’anar a l’escola?,true
14520408,POS1_14520408.txt,Creus que les persones de la teva edat han d’anar a l’escola?,true
14520409,POS1_14520409.txt,Creus que les persones de la teva edat han d’anar a l’escola?,true
14520410,POS1_14520410.txt,Creus que les persones de la teva edat han d’anar a l’escola?,true
14530411,POS1_14530411.txt,Creus que les persones de la teva edat han d’anar a l’escola?,false
14530412,POS1_14530412.txt,Creus que les persones de la teva edat han d’anar a l’escola?,true
14530413,POS1_14530413.txt,Creus que les persones de la teva edat han d’anar a l’escola?,true
14530414,POS1_14530414.txt,Creus que les persones de la teva edat han d’anar a l’escola?,true
14530415,POS1_14530415.txt,Creus que les persones de la teva edat han d’anar a l’escola?,true
14530416,POS1_14530416.txt,Creus que les persones de la teva edat han d’anar a l’escola?,true
14530417,POS1_14530417.txt,Creus que les persones de la teva edat han d’anar a l’escola?,true
14530418,POS1_14530418.txt,Creus que les persones de la teva edat han d’anar a l’escola?,true
14530419,POS1_14530419.txt,Creus que les persones de la teva edat han d’anar a l’escola?,true
14530420,POS1_14530420.txt,Creus que les persones de la teva edat han d’anar a l’escola?,true
14530421,POS1_14530421.txt,Creus que les persones de la teva edat han d’anar a l’escola?,true
14530422,POS1_14530422.txt,Creus que les persones de la teva edat han d’anar a l’escola?,true
14530423,POS1_14530423.txt,Creus que les persones de la teva edat han d’anar a l’escola?,true
14530424,POS1_14530424.txt,Creus que les persones de la teva edat han d’anar a l’escola?,true
14530425,POS1_14530425.txt,Creus que les persones de la teva edat han d’anar a l’escola?,true
14530426,POS1_14530426.txt,Creus que les persones de la teva edat han d’anar a l’escola?,true
14530427,POS1_14530427.txt,Creus que les persones de la teva edat han d’anar a l’escola?,true
14530428,POS1_14530428.txt,Creus que les persones de la teva edat han d’anar a l’escola?,true
14530429,POS1_14530429.txt,Creus que les persones de la teva edat han d’anar a l’escola?,true
14530430,POS1_14530430.txt,Creus que les persones de la teva edat han d’anar a l’escola?,true
14530431,POS1_14530431.txt,Creus que les persones de la teva edat han d’anar a l’escola?,true
14530432,POS1_14530432.txt,Creus que les persones de la teva edat han d’anar a l’escola?,true
14530433,POS1_14530433.txt,Creus que les persones de la teva edat han d’anar a l’escola?,true
14530434,POS1_14530434.txt,Creus que les persones de la teva edat han d’anar a l’escola?,true
14530435,POS1_14530435.txt,Creus que les persones de la teva edat han d’anar a l’escola?,true
14530436,POS1_14530436.txt,Creus que les persones de la teva edat han d’anar a l’escola?,true
14530437,POS1_14530437.txt,Creus que les persones de la teva edat han d’anar a l’escola?,true
15410438,POS1_15410438.txt,Creus que les persones de la teva edat han de tenir mòbil?,true
15410439,POS1_15410439.txt,Creus que les persones de la teva edat han de tenir mòbil?,true
15410440,POS1_15410440.txt,Creus que les persones de la teva edat han de tenir mòbil?,true
15410441,POS1_15410441.txt,Creus que les persones de la teva edat han de tenir mòbil?,false
15410442,POS1_15410442.txt,Creus que les persones de la teva edat han de tenir mòbil?,true
15410443,POS1_15410443.txt,Creus que les persones de la teva edat han de tenir mòbil?,false
15410444,POS1_15410444.txt,Creus que les persones de la teva edat han de tenir mòbil?,false
15410445,POS1_15410445.txt,Creus que les persones de la teva edat han de tenir mòbil?,true
15410446,POS1_15410446.txt,Creus que les persones de la teva edat han de tenir mòbil?,true
15410447,POS1_15410447.txt,Creus que les persones de la teva edat han de tenir mòbil?,true
15410448,POS1_15410448.txt,Creus que les persones de la teva edat han de tenir mòbil?,true
15410449,POS1_15410449.txt,Creus que les persones de la teva edat han de tenir mòbil?,true
15410450,POS1_15410450.txt,Creus que les persones de la teva edat han de tenir mòbil?,true
15410451,POS1_15410451.txt,Creus que les persones de la teva edat han de tenir mòbil?,true
15410452,POS1_15410452.txt,Creus que les persones de la teva edat han de tenir mòbil?,true
15410453,POS1_15410453.txt,Creus que les persones de la teva edat han de tenir mòbil?,true
15410454,POS1_15410454.txt,Creus que les persones de la teva edat han de tenir mòbil?,false
15410455,POS1_15410455.txt,Creus que les persones de la teva edat han de tenir mòbil?,true
15410456,POS1_15410456.txt,Creus que les persones de la teva edat han de tenir mòbil?,true
15410457,POS1_15410457.txt,Creus que les persones de la teva edat han de tenir mòbil?,true
15410458,POS1_15410458.txt,Creus que les persones de la teva edat han de tenir mòbil?,true
15410459,POS1_15410459.txt,Creus que les persones de la teva edat han de tenir mòbil?,true
15410460,POS1_15410460.txt,Creus que les persones de la teva edat han de tenir mòbil?,true
15410461,POS1_15410461.txt,Creus que les persones de la teva edat han de tenir mòbil?,true
15410462,POS1_15410462.txt,Creus que les persones de la teva edat han de tenir mòbil?,true
15410463,POS1_15410463.txt,Creus que les persones de la teva edat han de tenir mòbil?,true
15420464,POS1_15420464.txt,Creus que les persones de la teva edat han de tenir mòbil?,true
15420465,POS1_15420465.txt,Creus que les persones de la teva edat han de tenir mòbil?,true
15420466,POS1_15420466.txt,Creus que les persones de la teva edat han de tenir mòbil?,true
15420467,POS1_15420467.txt,Creus que les persones de la teva edat han de tenir mòbil?,true
15420468,POS1_15420468.txt,Creus que les persones de la teva edat han de tenir mòbil?,true
15420469,POS1_15420469.txt,Creus que les persones de la teva edat han de tenir mòbil?,false
15420470,POS1_15420470.txt,Creus que les persones de la teva edat han de tenir mòbil?,false
15420471,POS1_15420471.txt,Creus que les persones de la teva edat han de tenir mòbil?,true
15420472,POS1_15420472.txt,Creus que les persones de la teva edat han de tenir mòbil?,true
15420473,POS1_15420473.txt,Creus que les persones de la teva edat han de tenir mòbil?,true
15420474,POS1_15420474.txt,Creus que les persones de la teva edat han de tenir mòbil?,true
15420475,POS1_15420475.txt,Creus que les persones de la teva edat han de tenir mòbil?,true
15420476,POS1_15420476.txt,Creus que les persones de la teva edat han de tenir mòbil?,true
15420477,POS1_15420477.txt,Creus que les persones de la teva edat han de tenir mòbil?,true
15420478,POS1_15420478.txt,Creus que les persones de la teva edat han de tenir mòbil?,true
15420479,POS1_15420479.txt,Creus que les persones de la teva edat han de tenir mòbil?,true
15420480,POS1_15420480.txt,Creus que les persones de la teva edat han de tenir mòbil?,true
15420481,POS1_15420481.txt,Creus que les persones de la teva edat han de tenir mòbil?,true
15420482,POS1_15420482.txt,Creus que les persones de la teva edat han de tenir mòbil?,true
15420483,POS1_15420483.txt,Creus que les persones de la teva edat han de tenir mòbil?,true
15420484,POS1_15420484.txt,Creus que les persones de la teva edat han de tenir mòbil?,true
15420485,POS1_15420485.txt,Creus que les persones de la teva edat han de tenir mòbil?,true
15420486,POS1_15420486.txt,Creus que les persones de la teva edat han de tenir mòbil?,true
15420487,POS1_15420487.txt,Creus que les persones de la teva edat han de tenir mòbil?,true
15420488,POS1_15420488.txt,Creus que les persones de la teva edat han de tenir mòbil?,true
15420489,POS1_15420489.txt,Creus que les persones de la teva edat han de tenir mòbil?,true
15420490,POS1_15420490.txt,Creus que les persones de la teva edat han de tenir mòbil?,false
15510491,POS1_15510491.txt,Creus que les persones de la teva edat han de tenir mòbil?,true
15510492,POS1_15510492.txt,Creus que les persones de la teva edat han de tenir mòbil?,true
15510493,POS1_15510493.txt,Creus que les persones de la teva edat han de tenir mòbil?,true
15510494,POS1_15510494.txt,Creus que les persones de la teva edat han de tenir mòbil?,true
15510495,POS1_15510495.txt,Creus que les persones de la teva edat han de tenir mòbil?,true
15510496,POS1_15510496.txt,Creus que les persones de la teva edat han de tenir mòbil?,true
15510497,POS1_15510497.txt,Creus que les persones de la teva edat han de tenir mòbil?,true
15510498,POS1_15510498.txt,Creus que les persones de la teva edat han de tenir mòbil?,false
15510499,POS1_15510499.txt,Creus que les persones de la teva edat han de tenir mòbil?,true
15510500,POS1_15510500.txt,Creus que les persones de la teva edat han de tenir mòbil?,true
15510501,POS1_15510501.txt,Creus que les persones de la teva edat han de tenir mòbil?,true
15510502,POS1_15510502.txt,Creus que les persones de la teva edat han de tenir mòbil?,false
15510503,POS1_15510503.txt,Creus que les persones de la teva edat han de tenir mòbil?,true
15510504,POS1_15510504.txt,Creus que les persones de la teva edat han de tenir mòbil?,true
15510505,POS1_15510505.txt,Creus que les persones de la teva edat han de tenir mòbil?,true
15510506,POS1_15510506.txt,Creus que les persones de la teva edat han de tenir mòbil?,true
15510507,POS1_15510507.txt,Creus que les persones de la teva edat han de tenir mòbil?,true
15510508,POS1_15510508.txt,Creus que les persones de la teva edat han de tenir mòbil?,true
15510509,POS1_15510509.txt,Creus que les persones de la teva edat han de tenir mòbil?,true
15510510,POS1_15510510.txt,Creus que les persones de la teva edat han de tenir mòbil?,true
15510511,POS1_15510511.txt,Creus que les persones de la teva edat han de tenir mòbil?,true
15510512,POS1_15510512.txt,Creus que les persones de la teva edat han de tenir mòbil?,true
15510513,POS1_15510513.txt,Creus que les persones de la teva edat han de tenir mòbil?,true
15510514,POS1_15510514.txt,Creus que les persones de la teva edat han de tenir mòbil?,true
15510515,POS1_15510515.txt,Creus que les persones de la teva edat han de tenir mòbil?,true
15510516,POS1_15510516.txt,Creus que les persones de la teva edat han de tenir mòbil?,true
15510517,POS1_15510517.txt,Creus que les persones de la teva edat han de tenir mòbil?,true
15520518,POS1_15520518.txt,Creus que les persones de la teva edat han de tenir mòbil?,true
15520519,POS1_15520519.txt,Creus que les persones de la teva edat han de tenir mòbil?,true
15520520,POS1_15520520.txt,Creus que les persones de la teva edat han de tenir mòbil?,true
15520521,POS1_15520521.txt,Creus que les persones de la teva edat han de tenir mòbil?,true
15520522,POS1_15520522.txt,Creus que les persones de la teva edat han de tenir mòbil?,true
15520523,POS1_15520523.txt,Creus que les persones de la teva edat han de tenir mòbil?,true
15520524,POS1_15520524.txt,Creus que les persones de la teva edat han de tenir mòbil?,false
15520525,POS1_15520525.txt,Creus que les persones de la teva edat han de tenir mòbil?,true
15520526,POS1_15520526.txt,Creus que les persones de la teva edat han de tenir mòbil?,true
15520527,POS1_15520527.txt,Creus que les persones de la teva edat han de tenir mòbil?,true
15520528,POS1_15520528.txt,Creus que les persones de la teva edat han de tenir mòbil?,true
15520529,POS1_15520529.txt,Creus que les persones de la teva edat han de tenir mòbil?,false
15520530,POS1_15520530.txt,Creus que les persones de la teva edat han de tenir mòbil?,true
15520531,POS1_15520531.txt,Creus que les persones de la teva edat han de tenir mòbil?,true
15520532,POS1_15520532.txt,Creus que les persones de la teva edat han de tenir mòbil?,true
15520533,POS1_15520533.txt,Creus que les persones de la teva edat han de tenir mòbil?,true
15520534,POS1_15520534.txt,Creus que les persones de la teva edat han de tenir mòbil?,true
15520535,POS1_15520535.txt,Creus que les persones de la teva edat han de tenir mòbil?,true
15520536,POS1_15520536.txt,Creus que les persones de la teva edat han de tenir mòbil?,true
15520537,POS1_15520537.txt,Creus que les persones de la teva edat han de tenir mòbil?,false
15520538,POS1_15520538.txt,Creus que les persones de la teva edat han de tenir mòbil?,true
15520539,POS1_15520539.txt,Creus que les persones de la teva edat han de tenir mòbil?,true
15520540,POS1_15520540.txt,Creus que les persones de la teva edat han de tenir mòbil?,false
15520541,POS1_15520541.txt,Creus que les persones de la teva edat han de tenir mòbil?,true
15520542,POS1_15520542.txt,Creus que les persones de la teva edat han de tenir mòbil?,true
15520543,POS1_15520543.txt,Creus que les persones de la teva edat han de tenir mòbil?,true
16410544,POS1_16410544.txt,"Creus que a l’escola es necessita temps de pati, el temps d’esbarjo?",true
16410545,POS1_16410545.txt,"Creus que a l’escola es necessita temps de pati, el temps d’esbarjo?",false
16410546,POS1_16410546.txt,"Creus que a l’escola es necessita temps de pati, el temps d’esbarjo?",true
16410547,POS1_16410547.txt,"Creus que a l’escola es necessita temps de pati, el temps d’esbarjo?",true
16410548,POS1_16410548.txt,"Creus que a l’escola es necessita temps de pati, el temps d’esbarjo?",true
16410549,POS1_16410549.txt,"Creus que a l’escola es necessita temps de pati, el temps d’esbarjo?",true
16410550,POS1_16410550.txt,"Creus que a l’escola es necessita temps de pati, el temps d’esbarjo?",true
16410551,POS1_16410551.txt,"Creus que a l’escola es necessita temps de pati, el temps d’esbarjo?",true
16410552,POS1_16410552.txt,"Creus que a l’escola es necessita temps de pati, el temps d’esbarjo?",true
16410553,POS1_16410553.txt,"Creus que a l’escola es necessita temps de pati, el temps d’esbarjo?",true
16410554,POS1_16410554.txt,"Creus que a l’escola es necessita temps de pati, el temps d’esbarjo?",true
16410555,POS1_16410555.txt,"Creus que a l’escola es necessita temps de pati, el temps d’esbarjo?",true
16410556,POS1_16410556.txt,"Creus que a l’escola es necessita temps de pati, el temps d’esbarjo?",true
16410557,POS1_16410557.txt,"Creus que a l’escola es necessita temps de pati, el temps d’esbarjo?",true
16410558,POS1_16410558.txt,"Creus que a l’escola es necessita temps de pati, el temps d’esbarjo?",true
16410559,POS1_16410559.txt,"Creus que a l’escola es necessita temps de pati, el temps d’esbarjo?",true
16410560,POS1_16410560.txt,"Creus que a l’escola es necessita temps de pati, el temps d’esbarjo?",false
16410561,POS1_16410561.txt,"Creus que a l’escola es necessita temps de pati, el temps d’esbarjo?",true
16410562,POS1_16410562.txt,"Creus que a l’escola es necessita temps de pati, el temps d’esbarjo?",true
16410563,POS1_16410563.txt,"Creus que a l’escola es necessita temps de pati, el temps d’esbarjo?",true
16420564,POS1_16420564.txt,"Creus que a l’escola es necessita temps de pati, el temps d’esbarjo?",true
16420565,POS1_16420565.txt,"Creus que a l’escola es necessita temps de pati, el temps d’esbarjo?",true
16420566,POS1_16420566.txt,"Creus que a l’escola es necessita temps de pati, el temps d’esbarjo?",true
16420567,POS1_16420567.txt,"Creus que a l’escola es necessita temps de pati, el temps d’esbarjo?",true
16420568,POS1_16420568.txt,"Creus que a l’escola es necessita temps de pati, el temps d’esbarjo?",true
16420569,POS1_16420569.txt,"Creus que a l’escola es necessita temps de pati, el temps d’esbarjo?",true
16420570,POS1_16420570.txt,"Creus que a l’escola es necessita temps de pati, el temps d’esbarjo?",false
16420571,POS1_16420571.txt,"Creus que a l’escola es necessita temps de pati, el temps d’esbarjo?",false
16420572,POS1_16420572.txt,"Creus que a l’escola es necessita temps de pati, el temps d’esbarjo?",true
16420573,POS1_16420573.txt,"Creus que a l’escola es necessita temps de pati, el temps d’esbarjo?",true
16420574,POS1_16420574.txt,"Creus que a l’escola es necessita temps de pati, el temps d’esbarjo?",true
16420575,POS1_16420575.txt,"Creus que a l’escola es necessita temps de pati, el temps d’esbarjo?",true
16420576,POS1_16420576.txt,"Creus que a l’escola es necessita temps de pati, el temps d’esbarjo?",true
16420577,POS1_16420577.txt,"Creus que a l’escola es necessita temps de pati, el temps d’esbarjo?",true
16420578,POS1_16420578.txt,"Creus que a l’escola es necessita temps de pati, el temps d’esbarjo?",true
16420579,POS1_16420579.txt,"Creus que a l’escola es necessita temps de pati, el temps d’esbarjo?",true
16420580,POS1_16420580.txt,"Creus que a l’escola es necessita temps de pati, el temps d’esbarjo?",true
16420581,POS1_16420581.txt,"Creus que a l’escola es necessita temps de pati, el temps d’esbarjo?",true
16420582,POS1_16420582.txt,"Creus que a l’escola es necessita temps de pati, el temps d’esbarjo?",true
16420583,POS1_16420583.txt,"Creus que a l’escola es necessita temps de pati, el temps d’esbarjo?",false
16510584,POS1_16510584.txt,"Creus que a l’escola es necessita temps de pati, el temps d’esbarjo?",true
16510585,POS1_16510585.txt,"Creus que a l’escola es necessita temps de pati, el temps d’esbarjo?",true
16510586,POS1_16510586.txt,"Creus que a l’escola es necessita temps de pati, el temps d’esbarjo?",true
16510587,POS1_16510587.txt,"Creus que a l’escola es necessita temps de pati, el temps d’esbarjo?",false
16510588,POS1_16510588.txt,"Creus que a l’escola es necessita temps de pati, el temps d’esbarjo?",true
16510589,POS1_16510589.txt,"Creus que a l’escola es necessita temps de pati, el temps d’esbarjo?",true
16510590,POS1_16510590.txt,"Creus que a l’escola es necessita temps de pati, el temps d’esbarjo?",false
16510591,POS1_16510591.txt,"Creus que a l’escola es necessita temps de pati, el temps d’esbarjo?",false
16510592,POS1_16510592.txt,"Creus que a l’escola es necessita temps de pati, el temps d’esbarjo?",true
16510593,POS1_16510593.txt,"Creus que a l’escola es necessita temps de pati, el temps d’esbarjo?",true
16510594,POS1_16510594.txt,"Creus que a l’escola es necessita temps de pati, el temps d’esbarjo?",true
16510595,POS1_16510595.txt,"Creus que a l’escola es necessita temps de pati, el temps d’esbarjo?",true
16510596,POS1_16510596.txt,"Creus que a l’escola es necessita temps de pati, el temps d’esbarjo?",true
16510597,POS1_16510597.txt,"Creus que a l’escola es necessita temps de pati, el temps d’esbarjo?",true
16510598,POS1_16510598.txt,"Creus que a l’escola es necessita temps de pati, el temps d’esbarjo?",true
16510599,POS1_16510599.txt,"Creus que a l’escola es necessita temps de pati, el temps d’esbarjo?",true
16510600,POS1_16510600.txt,"Creus que a l’escola es necessita temps de pati, el temps d’esbarjo?",true
16510601,POS1_16510601.txt,"Creus que a l’escola es necessita temps de pati, el temps d’esbarjo?",true
16510602,POS1_16510602.txt,"Creus que a l’escola es necessita temps de pati, el temps d’esbarjo?",true
16510603,POS1_16510603.txt,"Creus que a l’escola es necessita temps de pati, el temps d’esbarjo?",true
16520604,POS1_16520604.txt,"Creus que a l’escola es necessita temps de pati, el temps d’esbarjo?",false
16520605,POS1_16520605.txt,"Creus que a l’escola es necessita temps de pati, el temps d’esbarjo?",true
16520606,POS1_16520606.txt,"Creus que a l’escola es necessita temps de pati, el temps d’esbarjo?",true
16520607,POS1_16520607.txt,"Creus que a l’escola es necessita temps de pati, el temps d’esbarjo?",true
16520608,POS1_16520608.txt,"Creus que a l’escola es necessita temps de pati, el temps d’esbarjo?",true
16520609,POS1_16520609.txt,"Creus que a l’escola es necessita temps de pati, el temps d’esbarjo?",true
16520610,POS1_16520610.txt,"Creus que a l’escola es necessita temps de pati, el temps d’esbarjo?",true
16520611,POS1_16520611.txt,"Creus que a l’escola es necessita temps de pati, el temps d’esbarjo?",true
16520612,POS1_16520612.txt,"Creus que a l’escola es necessita temps de pati, el temps d’esbarjo?",true
16520613,POS1_16520613.txt,"Creus que a l’escola es necessita temps de pati, el temps d’esbarjo?",false
16520614,POS1_16520614.txt,"Creus que a l’escola es necessita temps de pati, el temps d’esbarjo?",true
16520615,POS1_16520615.txt,"Creus que a l’escola es necessita temps de pati, el temps d’esbarjo?",true
16520616,POS1_16520616.txt,"Creus que a l’escola es necessita temps de pati, el temps d’esbarjo?",true
16520617,POS1_16520617.txt,"Creus que a l’escola es necessita temps de pati, el temps d’esbarjo?",true
16520618,POS1_16520618.txt,"Creus que a l’escola es necessita temps de pati, el temps d’esbarjo?",true
16520619,POS1_16520619.txt,"Creus que a l’escola es necessita temps de pati, el temps d’esbarjo?",true
16520620,POS1_16520620.txt,"Creus que a l’escola es necessita temps de pati, el temps d’esbarjo?",true
16520621,POS1_16520621.txt,"Creus que a l’escola es necessita temps de pati, el temps d’esbarjo?",true
16520622,POS1_16520622.txt,"Creus que a l’escola es necessita temps de pati, el temps d’esbarjo?",true
16520623,POS1_16520623.txt,"Creus que a l’escola es necessita temps de pati, el temps d’esbarjo?",true
18410624,POS1_18410624.txt,Creus que les persones de la teva edat han d’anar a l’escola?,true
18410625,POS1_18410625.txt,Creus que les persones de la teva edat han d’anar a l’escola?,true
18410626,POS1_18410626.txt,Creus que les persones de la teva edat han d’anar a l’escola?,false
18410627,POS1_18410627.txt,Creus que les persones de la teva edat han d’anar a l’escola?,true
18410628,POS1_18410628.txt,Creus que les persones de la teva edat han d’anar a l’escola?,true
18410629,POS1_18410629.txt,Creus que les persones de la teva edat han d’anar a l’escola?,true
18410630,POS1_18410630.txt,Creus que les persones de la teva edat han d’anar a l’escola?,true
18410631,POS1_18410631.txt,Creus que les persones de la teva edat han d’anar a l’escola?,true
18410632,POS1_18410632.txt,Creus que les persones de la teva edat han d’anar a l’escola?,true
18410633,POS1_18410633.txt,Creus que les persones de la teva edat han d’anar a l’escola?,true
18410634,POS1_18410634.txt,Creus que les persones de la teva edat han d’anar a l’escola?,true
18410635,POS1_18410635.txt,Creus que les persones de la teva edat han d’anar a l’escola?,true
18410636,POS1_18410636.txt,Creus que les persones de la teva edat han d’anar a l’escola?,true
18410637,POS1_18410637.txt,Creus que les persones de la teva edat han d’anar a l’escola?,true
18410638,POS1_18410638.txt,Creus que les persones de la teva edat han d’anar a l’escola?,true
18410639,POS1_18410639.txt,Creus que les persones de la teva edat han d’anar a l’escola?,true
18410640,POS1_18410640.txt,Creus que les persones de la teva edat han d’anar a l’escola?,true
18410641,POS1_18410641.txt,Creus que les persones de la teva edat han d’anar a l’escola?,true
18410642,POS1_18410642.txt,Creus que les persones de la teva edat han d’anar a l’escola?,true
18410643,POS1_18410643.txt,Creus que les persones de la teva edat han d’anar a l’escola?,true
18410644,POS1_18410644.txt,Creus que les persones de la teva edat han d’anar a l’escola?,true
18420645,POS1_18420645.txt,Creus que les persones de la teva edat han d’anar a l’escola?,true
18420646,POS1_18420646.txt,Creus que les persones de la teva edat han d’anar a l’escola?,true
18420647,POS1_18420647.txt,Creus que les persones de la teva edat han d’anar a l’escola?,true
18420648,POS1_18420648.txt,Creus que les persones de la teva edat han d’anar a l’escola?,true
18420649,POS1_18420649.txt,Creus que les persones de la teva edat han d’anar a l’escola?,true
18420650,POS1_18420650.txt,Creus que les persones de la teva edat han d’anar a l’escola?,true
18420651,POS1_18420651.txt,Creus que les persones de la teva edat han d’anar a l’escola?,true
18420652,POS1_18420652.txt,Creus que les persones de la teva edat han d’anar a l’escola?,true
18420653,POS1_18420653.txt,Creus que les persones de la teva edat han d’anar a l’escola?,false
18420654,POS1_18420654.txt,Creus que les persones de la teva edat han d’anar a l’escola?,true
18420655,POS1_18420655.txt,Creus que les persones de la teva edat han d’anar a l’escola?,true
18420656,POS1_18420656.txt,Creus que les persones de la teva edat han d’anar a l’escola?,true
18420657,POS1_18420657.txt,Creus que les persones de la teva edat han d’anar a l’escola?,true
18420658,POS1_18420658.txt,Creus que les persones de la teva edat han d’anar a l’escola?,true
18420659,POS1_18420659.txt,Creus que les persones de la teva edat han d’anar a l’escola?,true
18420660,POS1_18420660.txt,Creus que les persones de la teva edat han d’anar a l’escola?,true
18420661,POS1_18420661.txt,Creus que les persones de la teva edat han d’anar a l’escola?,true
18420662,POS1_18420662.txt,Creus que les persones de la teva edat han d’anar a l’escola?,true
18420663,POS1_18420663.txt,Creus que les persones de la teva edat han d’anar a l’escola?,true
18420664,POS1_18420664.txt,Creus que les persones de la teva edat han d’anar a l’escola?,true
18420665,POS1_18420665.txt,Creus que les persones de la teva edat han d’anar a l’escola?,true
18420666,POS1_18420666.txt,Creus que les persones de la teva edat han d’anar a l’escola?,false
18420667,POS1_18420667.txt,Creus que les persones de la teva edat han d’anar a l’escola?,true
18510668,POS1_18510668.txt,Creus que les persones de la teva edat han d’anar a l’escola?,true
18510669,POS1_18510669.txt,Creus que les persones de la teva edat han d’anar a l’escola?,false
18510670,POS1_18510670.txt,Creus que les persones de la teva edat han d’anar a l’escola?,true
18510671,POS1_18510671.txt,Creus que les persones de la teva edat han d’anar a l’escola?,true
18510672,POS1_18510672.txt,Creus que les persones de la teva edat han d’anar a l’escola?,true
18510673,POS1_18510673.txt,Creus que les persones de la teva edat han d’anar a l’escola?,false
18510674,POS1_18510674.txt,Creus que les persones de la teva edat han d’anar a l’escola?,true
18510675,POS1_18510675.txt,Creus que les persones de la teva edat han d’anar a l’escola?,true
18510676,POS1_18510676.txt,Creus que les persones de la teva edat han d’anar a l’escola?,true
18510677,POS1_18510677.txt,Creus que les persones de la teva edat han d’anar a l’escola?,false
18510678,POS1_18510678.txt,Creus que les persones de la teva edat han d’anar a l’escola?,true
18510679,POS1_18510679.txt,Creus que les persones de la teva edat han d’anar a l’escola?,true
18510680,POS1_18510680.txt,Creus que les persones de la teva edat han d’anar a l’escola?,true
18510681,POS1_18510681.txt,Creus que les persones de la teva edat han d’anar a l’escola?,true
18510682,POS1_18510682.txt,Creus que les persones de la teva edat han d’anar a l’escola?,true
18510683,POS1_18510683.txt,Creus que les persones de la teva edat han d’anar a l’escola?,true
18510684,POS1_18510684.txt,Creus que les persones de la teva edat han d’anar a l’escola?,true
18510685,POS1_18510685.txt,Creus que les persones de la teva edat han d’anar a l’escola?,true
18510686,POS1_18510686.txt,Creus que les persones de la teva edat han d’anar a l’escola?,true
18510687,POS1_18510687.txt,Creus que les persones de la teva edat han d’anar a l’escola?,true
18510688,POS1_18510688.txt,Creus que les persones de la teva edat han d’anar a l’escola?,true
18510689,POS1_18510689.txt,Creus que les persones de la teva edat han d’anar a l’escola?,false
18510690,POS1_18510690.txt,Creus que les persones de la teva edat han d’anar a l’escola?,true
18520691,POS1_18520691.txt,Creus que les persones de la teva edat han d’anar a l’escola?,true
18520692,POS1_18520692.txt,Creus que les persones de la teva edat han d’anar a l’escola?,false
18520693,POS1_18520693.txt,Creus que les persones de la teva edat han d’anar a l’escola?,true
18520694,POS1_18520694.txt,Creus que les persones de la teva edat han d’anar a l’escola?,true
18520695,POS1_18520695.txt,Creus que les persones de la teva edat han d’anar a l’escola?,true
18520696,POS1_18520696.txt,Creus que les persones de la teva edat han d’anar a l’escola?,true
18520697,POS1_18520697.txt,Creus que les persones de la teva edat han d’anar a l’escola?,true
18520698,POS1_18520698.txt,Creus que les persones de la teva edat han d’anar a l’escola?,true
18520699,POS1_18520699.txt,Creus que les persones de la teva edat han d’anar a l’escola?,true
18520700,POS1_18520700.txt,Creus que les persones de la teva edat han d’anar a l’escola?,true
18520701,POS1_18520701.txt,Creus que les persones de la teva edat han d’anar a l’escola?,false
18520702,POS1_18520702.txt,Creus que les persones de la teva edat han d’anar a l’escola?,false
18520703,POS1_18520703.txt,Creus que les persones de la teva edat han d’anar a l’escola?,true
18520704,POS1_18520704.txt,Creus que les persones de la teva edat han d’anar a l’escola?,true
18520705,POS1_18520705.txt,Creus que les persones de la teva edat han d’anar a l’escola?,true
18520706,POS1_18520706.txt,Creus que les persones de la teva edat han d’anar a l’escola?,true
18520707,POS1_18520707.txt,Creus que les persones de la teva edat han d’anar a l’escola?,true
18520708,POS1_18520708.txt,Creus que les persones de la teva edat han d’anar a l’escola?,true
18520709,POS1_18520709.txt,Creus que les persones de la teva edat han d’anar a l’escola?,true
18520710,POS1_18520710.txt,Creus que les persones de la teva edat han d’anar a l’escola?,true
18520711,POS1_18520711.txt,Creus que les persones de la teva edat han d’anar a l’escola?,true
18520712,POS1_18520712.txt,Creus que les persones de la teva edat han d’anar a l’escola?,true
18520713,POS1_18520713.txt,Creus que les persones de la teva edat han d’anar a l’escola?,true
19410714,POS1_19410714.txt,Creus que les persones de la teva edat han de tenir mòbil?,true
19410715,POS1_19410715.txt,Creus que les persones de la teva edat han de tenir mòbil?,true
19410716,POS1_19410716.txt,Creus que les persones de la teva edat han de tenir mòbil?,true
19410717,POS1_19410717.txt,Creus que les persones de la teva edat han de tenir mòbil?,true
19410718,POS1_19410718.txt,Creus que les persones de la teva edat han de tenir mòbil?,true
19410719,POS1_19410719.txt,Creus que les persones de la teva edat han de tenir mòbil?,true
19410720,POS1_19410720.txt,Creus que les persones de la teva edat han de tenir mòbil?,true
19410721,POS1_19410721.txt,Creus que les persones de la teva edat han de tenir mòbil?,true
19410722,POS1_19410722.txt,Creus que les persones de la teva edat han de tenir mòbil?,true
19410723,POS1_19410723.txt,Creus que les persones de la teva edat han de tenir mòbil?,true
19410724,POS1_19410724.txt,Creus que les persones de la teva edat han de tenir mòbil?,true
19410725,POS1_19410725.txt,Creus que les persones de la teva edat han de tenir mòbil?,false
19410726,POS1_19410726.txt,Creus que les persones de la teva edat han de tenir mòbil?,true
19410727,POS1_19410727.txt,Creus que les persones de la teva edat han de tenir mòbil?,true
19410728,POS1_19410728.txt,Creus que les persones de la teva edat han de tenir mòbil?,true
19410729,POS1_19410729.txt,Creus que les persones de la teva edat han de tenir mòbil?,true
19410730,POS1_19410730.txt,Creus que les persones de la teva edat han de tenir mòbil?,true
19410731,POS1_19410731.txt,Creus que les persones de la teva edat han de tenir mòbil?,true
19410732,POS1_19410732.txt,Creus que les persones de la teva edat han de tenir mòbil?,true
19410733,POS1_19410733.txt,Creus que les persones de la teva edat han de tenir mòbil?,true
19410734,POS1_19410734.txt,Creus que les persones de la teva edat han de tenir mòbil?,true
19410735,POS1_19410735.txt,Creus que les persones de la teva edat han de tenir mòbil?,true
19420736,POS1_19420736.txt,Creus que les persones de la teva edat han de tenir mòbil?,true
19420737,POS1_19420737.txt,Creus que les persones de la teva edat han de tenir mòbil?,true
19420738,POS1_19420738.txt,Creus que les persones de la teva edat han de tenir mòbil?,true
19420739,POS1_19420739.txt,Creus que les persones de la teva edat han de tenir mòbil?,true
19420740,POS1_19420740.txt,Creus que les persones de la teva edat han de tenir mòbil?,true
19420741,POS1_19420741.txt,Creus que les persones de la teva edat han de tenir mòbil?,true
19420742,POS1_19420742.txt,Creus que les persones de la teva edat han de tenir mòbil?,true
19420743,POS1_19420743.txt,Creus que les persones de la teva edat han de tenir mòbil?,false
19420744,POS1_19420744.txt,Creus que les persones de la teva edat han de tenir mòbil?,true
19420745,POS1_19420745.txt,Creus que les persones de la teva edat han de tenir mòbil?,true
19420746,POS1_19420746.txt,Creus que les persones de la teva edat han de tenir mòbil?,true
19420747,POS1_19420747.txt,Creus que les persones de la teva edat han de tenir mòbil?,true
19420748,POS1_19420748.txt,Creus que les persones de la teva edat han de tenir mòbil?,true
19420749,POS1_19420749.txt,Creus que les persones de la teva edat han de tenir mòbil?,true
19420750,POS1_19420750.txt,Creus que les persones de la teva edat han de tenir mòbil?,true
19420751,POS1_19420751.txt,Creus que les persones de la teva edat han de tenir mòbil?,true
19420752,POS1_19420752.txt,Creus que les persones de la teva edat han de tenir mòbil?,true
19420753,POS1_19420753.txt,Creus que les persones de la teva edat han de tenir mòbil?,true
19420754,POS1_19420754.txt,Creus que les persones de la teva edat han de tenir mòbil?,true
19420755,POS1_19420755.txt,Creus que les persones de la teva edat han de tenir mòbil?,true
19420756,POS1_19420756.txt,Creus que les persones de la teva edat han de tenir mòbil?,true
19420757,POS1_19420757.txt,Creus que les persones de la teva edat han de tenir mòbil?,true
19420758,POS1_19420758.txt,Creus que les persones de la teva edat han de tenir mòbil?,true
19510759,POS1_19510759.txt,Creus que les persones de la teva edat han de tenir mòbil?,true
19510760,POS1_19510760.txt,Creus que les persones de la teva edat han de tenir mòbil?,true
19510761,POS1_19510761.txt,Creus que les persones de la teva edat han de tenir mòbil?,true
19510762,POS1_19510762.txt,Creus que les persones de la teva edat han de tenir mòbil?,true
19510763,POS1_19510763.txt,Creus que les persones de la teva edat han de tenir mòbil?,true
19510764,POS1_19510764.txt,Creus que les persones de la teva edat han de tenir mòbil?,true
19510765,POS1_19510765.txt,Creus que les persones de la teva edat han de tenir mòbil?,true
19510766,POS1_19510766.txt,Creus que les persones de la teva edat han de tenir mòbil?,true
19510767,POS1_19510767.txt,Creus que les persones de la teva edat han de tenir mòbil?,true
19510768,POS1_19510768.txt,Creus que les persones de la teva edat han de tenir mòbil?,true
19510769,POS1_19510769.txt,Creus que les persones de la teva edat han de tenir mòbil?,true
19510770,POS1_19510770.txt,Creus que les persones de la teva edat han de tenir mòbil?,true
19510771,POS1_19510771.txt,Creus que les persones de la teva edat han de tenir mòbil?,false
19510772,POS1_19510772.txt,Creus que les persones de la teva edat han de tenir mòbil?,false
19510773,POS1_19510773.txt,Creus que les persones de la teva edat han de tenir mòbil?,true
19510774,POS1_19510774.txt,Creus que les persones de la teva edat han de tenir mòbil?,true
19510775,POS1_19510775.txt,Creus que les persones de la teva edat han de tenir mòbil?,true
19510776,POS1_19510776.txt,Creus que les persones de la teva edat han de tenir mòbil?,true
19510777,POS1_19510777.txt,Creus que les persones de la teva edat han de tenir mòbil?,true
19510778,POS1_19510778.txt,Creus que les persones de la teva edat han de tenir mòbil?,true
19510779,POS1_19510779.txt,Creus que les persones de la teva edat han de tenir mòbil?,true
19510780,POS1_19510780.txt,Creus que les persones de la teva edat han de tenir mòbil?,true
19510781,POS1_19510781.txt,Creus que les persones de la teva edat han de tenir mòbil?,false
19510782,POS1_19510782.txt,Creus que les persones de la teva edat han de tenir mòbil?,true
19520783,POS1_19520783.txt,Creus que les persones de la teva edat han de tenir mòbil?,true
19520784,POS1_19520784.txt,Creus que les persones de la teva edat han de tenir mòbil?,true
19520785,POS1_19520785.txt,Creus que les persones de la teva edat han de tenir mòbil?,true
19520786,POS1_19520786.txt,Creus que les persones de la teva edat han de tenir mòbil?,true
19520787,POS1_19520787.txt,Creus que les persones de la teva edat han de tenir mòbil?,true
19520788,POS1_19520788.txt,Creus que les persones de la teva edat han de tenir mòbil?,true
19520789,POS1_19520789.txt,Creus que les persones de la teva edat han de tenir mòbil?,true
19520790,POS1_19520790.txt,Creus que les persones de la teva edat han de tenir mòbil?,false
19520791,POS1_19520791.txt,Creus que les persones de la teva edat han de tenir mòbil?,true
19520792,POS1_19520792.txt,Creus que les persones de la teva edat han de tenir mòbil?,false
19520793,POS1_19520793.txt,Creus que les persones de la teva edat han de tenir mòbil?,true
19520794,POS1_19520794.txt,Creus que les persones de la teva edat han de tenir mòbil?,false
19520795,POS1_19520795.txt,Creus que les persones de la teva edat han de tenir mòbil?,true
19520796,POS1_19520796.txt,Creus que les persones de la teva edat han de tenir mòbil?,false
19520797,POS1_19520797.txt,Creus que les persones de la teva edat han de tenir mòbil?,true
19520798,POS1_19520798.txt,Creus que les persones de la teva edat han de tenir mòbil?,true
19520799,POS1_19520799.txt,Creus que les persones de la teva edat han de tenir mòbil?,false
19520800,POS1_19520800.txt,Creus que les persones de la teva edat han de tenir mòbil?,true
19520801,POS1_19520801.txt,Creus que les persones de la teva edat han de tenir mòbil?,true
19520802,POS1_19520802.txt,Creus que les persones de la teva edat han de tenir mòbil?,false
19520803,POS1_19520803.txt,Creus que les persones de la teva edat han de tenir mòbil?,true
19520804,POS1_19520804.txt,Creus que les persones de la teva edat han de tenir mòbil?,true
19520805,POS1_19520805.txt,Creus que les persones de la teva edat han de tenir mòbil?,true
20410906,POS1_20410906.txt,"Creus que a l’escola es necessita temps de pati, el temps d’esbarjo?",false
20410907,POS1_20410907.txt,"Creus que a l’escola es necessita temps de pati, el temps d’esbarjo?",false
20410908,POS1_20410908.txt,"Creus que a l’escola es necessita temps de pati, el temps d’esbarjo?",true
20410909,POS1_20410909.txt,"Creus que a l’escola es necessita temps de pati, el temps d’esbarjo?",false
20410910,POS1_20410910.txt,"Creus que a l’escola es necessita temps de pati, el temps d’esbarjo?",true
20410911,POS1_20410911.txt,"Creus que a l’escola es necessita temps de pati, el temps d’esbarjo?",true
20410912,POS1_20410912.txt,"Creus que a l’escola es necessita temps de pati, el temps d’esbarjo?",true
20410913,POS1_20410913.txt,"Creus que a l’escola es necessita temps de pati, el temps d’esbarjo?",true
20410914,POS1_20410914.txt,"Creus que a l’escola es necessita temps de pati, el temps d’esbarjo?",false
20410915,POS1_20410915.txt,"Creus que a l’escola es necessita temps de pati, el temps d’esbarjo?",true
20410916,POS1_20410916.txt,"Creus que a l’escola es necessita temps de pati, el temps d’esbarjo?",true
20410917,POS1_20410917.txt,"Creus que a l’escola es necessita temps de pati, el temps d’esbarjo?",true
20410918,POS1_20410918.txt,"Creus que a l’escola es necessita temps de pati, el temps d’esbarjo?",true
20410919,POS1_20410919.txt,"Creus que a l’escola es necessita temps de pati, el temps d’esbarjo?",true
20410920,POS1_20410920.txt,"Creus que a l’escola es necessita temps de pati, el temps d’esbarjo?",true
20410921,POS1_20410921.txt,"Creus que a l’escola es necessita temps de pati, el temps d’esbarjo?",true
20410922,POS1_20410922.txt,"Creus que a l’escola es necessita temps de pati, el temps d’esbarjo?",false
20410923,POS1_20410923.txt,"Creus que a l’escola es necessita temps de pati, el temps d’esbarjo?",true
20420924,POS1_20420924.txt,"Creus que a l’escola es necessita temps de pati, el temps d’esbarjo?",true
20420925,POS1_20420925.txt,"Creus que a l’escola es necessita temps de pati, el temps d’esbarjo?",true
20420926,POS1_20420926.txt,"Creus que a l’escola es necessita temps de pati, el temps d’esbarjo?",true
20420927,POS1_20420927.txt,"Creus que a l’escola es necessita temps de pati, el temps d’esbarjo?",true
20420928,POS1_20420928.txt,"Creus que a l’escola es necessita temps de pati, el temps d’esbarjo?",true
20420929,POS1_20420929.txt,"Creus que a l’escola es necessita temps de pati, el temps d’esbarjo?",true
20420930,POS1_20420930.txt,"Creus que a l’escola es necessita temps de pati, el temps d’esbarjo?",true
20420931,POS1_20420931.txt,"Creus que a l’escola es necessita temps de pati, el temps d’esbarjo?",true
20420932,POS1_20420932.txt,"Creus que a l’escola es necessita temps de pati, el temps d’esbarjo?",true
20420933,POS1_20420933.txt,"Creus que a l’escola es necessita temps de pati, el temps d’esbarjo?",true
20420934,POS1_20420934.txt,"Creus que a l’escola es necessita temps de pati, el temps d’esbarjo?",true
20420935,POS1_20420935.txt,"Creus que a l’escola es necessita temps de pati, el temps d’esbarjo?",true
20420936,POS1_20420936.txt,"Creus que a l’escola es necessita temps de pati, el temps d’esbarjo?",true
20420937,POS1_20420937.txt,"Creus que a l’escola es necessita temps de pati, el temps d’esbarjo?",true
20420938,POS1_20420938.txt,"Creus que a l’escola es necessita temps de pati, el temps d’esbarjo?",false
20420939,POS1_20420939.txt,"Creus que a l’escola es necessita temps de pati, el temps d’esbarjo?",false
20420940,POS1_20420940.txt,"Creus que a l’escola es necessita temps de pati, el temps d’esbarjo?",true
20420941,POS1_20420941.txt,"Creus que a l’escola es necessita temps de pati, el temps d’esbarjo?",true
20510942,POS1_20510942.txt,"Creus que a l’escola es necessita temps de pati, el temps d’esbarjo?",true
20510943,POS1_20510943.txt,"Creus que a l’escola es necessita temps de pati, el temps d’esbarjo?",false
20510944,POS1_20510944.txt,"Creus que a l’escola es necessita temps de pati, el temps d’esbarjo?",false
20510945,POS1_20510945.txt,"Creus que a l’escola es necessita temps de pati, el temps d’esbarjo?",false
20510946,POS1_20510946.txt,"Creus que a l’escola es necessita temps de pati, el temps d’esbarjo?",true
20510947,POS1_20510947.txt,"Creus que a l’escola es necessita temps de pati, el temps d’esbarjo?",false
20510948,POS1_20510948.txt,"Creus que a l’escola es necessita temps de pati, el temps d’esbarjo?",true
20510949,POS1_20510949.txt,"Creus que a l’escola es necessita temps de pati, el temps d’esbarjo?",true
20510950,POS1_20510950.txt,"Creus que a l’escola es necessita temps de pati, el temps d’esbarjo?",true
20510951,POS1_20510951.txt,"Creus que a l’escola es necessita temps de pati, el temps d’esbarjo?",true
20510952,POS1_20510952.txt,"Creus que a l’escola es necessita temps de pati, el temps d’esbarjo?",true
20510953,POS1_20510953.txt,"Creus que a l’escola es necessita temps de pati, el temps d’esbarjo?",true
20510954,POS1_20510954.txt,"Creus que a l’escola es necessita temps de pati, el temps d’esbarjo?",true
20510955,POS1_20510955.txt,"Creus que a l’escola es necessita temps de pati, el temps d’esbarjo?",true
20510956,POS1_20510956.txt,"Creus que a l’escola es necessita temps de pati, el temps d’esbarjo?",true
20510957,POS1_20510957.txt,"Creus que a l’escola es necessita temps de pati, el temps d’esbarjo?",false
20510958,POS1_20510958.txt,"Creus que a l’escola es necessita temps de pati, el temps d’esbarjo?",true
20510959,POS1_20510959.txt,"Creus que a l’escola es necessita temps de pati, el temps d’esbarjo?",false
20510960,POS1_20510960.txt,"Creus que a l’escola es necessita temps de pati, el temps d’esbarjo?",true
20510961,POS1_20510961.txt,"Creus que a l’escola es necessita temps de pati, el temps d’esbarjo?",false
20510962,POS1_20510962.txt,"Creus que a l’escola es necessita temps de pati, el temps d’esbarjo?",true
20520963,POS1_20520963.txt,"Creus que a l’escola es necessita temps de pati, el temps d’esbarjo?",false
20520964,POS1_20520964.txt,"Creus que a l’escola es necessita temps de pati, el temps d’esbarjo?",true
20520965,POS1_20520965.txt,"Creus que a l’escola es necessita temps de pati, el temps d’esbarjo?",false
20520966,POS1_20520966.txt,"Creus que a l’escola es necessita temps de pati, el temps d’esbarjo?",true
20520967,POS1_20520967.txt,"Creus que a l’escola es necessita temps de pati, el temps d’esbarjo?",false
20520968,POS1_20520968.txt,"Creus que a l’escola es necessita temps de pati, el temps d’esbarjo?",false
20520969,POS1_20520969.txt,"Creus que a l’escola es necessita temps de pati, el temps d’esbarjo?",false
20520970,POS1_20520970.txt,"Creus que a l’escola es necessita temps de pati, el temps d’esbarjo?",true
20520971,POS1_20520971.txt,"Creus que a l’escola es necessita temps de pati, el temps d’esbarjo?",true
20520972,POS1_20520972.txt,"Creus que a l’escola es necessita temps de pati, el temps d’esbarjo?",false
20520973,POS1_20520973.txt,"Creus que a l’escola es necessita temps de pati, el temps d’esbarjo?",true
20520974,POS1_20520974.txt,"Creus que a l’escola es necessita temps de pati, el temps d’esbarjo?",false
20520975,POS1_20520975.txt,"Creus que a l’escola es necessita temps de pati, el temps d’esbarjo?",true
20520976,POS1_20520976.txt,"Creus que a l’escola es necessita temps de pati, el temps d’esbarjo?",false
20520977,POS1_20520977.txt,"Creus que a l’escola es necessita temps de pati, el temps d’esbarjo?",true
20520978,POS1_20520978.txt,"Creus que a l’escola es necessita temps de pati, el temps d’esbarjo?",true
20520979,POS1_20520979.txt,"Creus que a l’escola es necessita temps de pati, el temps d’esbarjo?",false
20520980,POS1_20520980.txt,"Creus que a l’escola es necessita temps de pati, el temps d’esbarjo?",true
20520981,POS1_20520981.txt,"Creus que a l’escola es necessita temps de pati, el temps d’esbarjo?",true
20520982,POS1_20520982.txt,"Creus que a l’escola es necessita temps de pati, el temps d’esbarjo?",true
20520983,POS1_20520983.txt,"Creus que a l’escola es necessita temps de pati, el temps d’esbarjo?",true
21410806,POS1_21410806.txt,Creus que les persones de la teva edat han d’anar a l’escola?,false
21410807,POS1_21410807.txt,Creus que les persones de la teva edat han d’anar a l’escola?,false
21410808,POS1_21410808.txt,Creus que les persones de la teva edat han d’anar a l’escola?,true
21410809,POS1_21410809.txt,Creus que les persones de la teva edat han d’anar a l’escola?,true
21410810,POS1_21410810.txt,Creus que les persones de la teva edat han d’anar a l’escola?,true
21410811,POS1_21410811.txt,Creus que les persones de la teva edat han d’anar a l’escola?,false
21410812,POS1_21410812.txt,Creus que les persones de la teva edat han d’anar a l’escola?,true
21410813,POS1_21410813.txt,Creus que les persones de la teva edat han d’anar a l’escola?,true
21410814,POS1_21410814.txt,Creus que les persones de la teva edat han d’anar a l’escola?,true
21410815,POS1_21410815.txt,Creus que les persones de la teva edat han d’anar a l’escola?,false
21410816,POS1_21410816.txt,Creus que les persones de la teva edat han d’anar a l’escola?,false
21410817,POS1_21410817.txt,Creus que les persones de la teva edat han d’anar a l’escola?,false
21410818,POS1_21410818.txt,Creus que les persones de la teva edat han d’anar a l’escola?,false
21410819,POS1_21410819.txt,Creus que les persones de la teva edat han d’anar a l’escola?,true
21410820,POS1_21410820.txt,Creus que les persones de la teva edat han d’anar a l’escola?,true
21410821,POS1_21410821.txt,Creus que les persones de la teva edat han d’anar a l’escola?,true
21410822,POS1_21410822.txt,Creus que les persones de la teva edat han d’anar a l’escola?,true
21410823,POS1_21410823.txt,Creus que les persones de la teva edat han d’anar a l’escola?,true
21410824,POS1_21410824.txt,Creus que les persones de la teva edat han d’anar a l’escola?,false
21410825,POS1_21410825.txt,Creus que les persones de la teva edat han d’anar a l’escola?,true
21410826,POS1_21410826.txt,Creus que les persones de la teva edat han d’anar a l’escola?,false
21410827,POS1_21410827.txt,Creus que les persones de la teva edat han d’anar a l’escola?,true
21410828,POS1_21410828.txt,Creus que les persones de la teva edat han d’anar a l’escola?,true
21410829,POS1_21410829.txt,Creus que les persones de la teva edat han d’anar a l’escola?,true
21410830,POS1_21410830.txt,Creus que les persones de la teva edat han d’anar a l’escola?,true
21410831,POS1_21410831.txt,Creus que les persones de la teva edat han d’anar a l’escola?,true
21420832,POS1_21420832.txt,Creus que les persones de la teva edat han d’anar a l’escola?,true
21420833,POS1_21420833.txt,Creus que les persones de la teva edat han d’anar a l’escola?,false
21420834,POS1_21420834.txt,Creus que les persones de la teva edat han d’anar a l’escola?,true
21420835,POS1_21420835.txt,Creus que les persones de la teva edat han d’anar a l’escola?,true
21420836,POS1_21420836.txt,Creus que les persones de la teva edat han d’anar a l’escola?,true
21420837,POS1_21420837.txt,Creus que les persones de la teva edat han d’anar a l’escola?,false
21420838,POS1_21420838.txt,Creus que les persones de la teva edat han d’anar a l’escola?,true
21420839,POS1_21420839.txt,Creus que les persones de la teva edat han d’anar a l’escola?,false
21420840,POS1_21420840.txt,Creus que les persones de la teva edat han d’anar a l’escola?,true
21420841,POS1_21420841.txt,Creus que les persones de la teva edat han d’anar a l’escola?,true
21420842,POS1_21420842.txt,Creus que les persones de la teva edat han d’anar a l’escola?,true
21420843,POS1_21420843.txt,Creus que les persones de la teva edat han d’anar a l’escola?,true
21420844,POS1_21420844.txt,Creus que les persones de la teva edat han d’anar a l’escola?,true
21420845,POS1_21420845.txt,Creus que les persones de la teva edat han d’anar a l’escola?,true
21420846,POS1_21420846.txt,Creus que les persones de la teva edat han d’anar a l’escola?,true
21420847,POS1_21420847.txt,Creus que les persones de la teva edat han d’anar a l’escola?,true
21420848,POS1_21420848.txt,Creus que les persones de la teva edat han d’anar a l’escola?,true
21420849,POS1_21420849.txt,Creus que les persones de la teva edat han d’anar a l’escola?,true
21420850,POS1_21420850.txt,Creus que les persones de la teva edat han d’anar a l’escola?,false
21420851,POS1_21420851.txt,Creus que les persones de la teva edat han d’anar a l’escola?,true
21420852,POS1_21420852.txt,Creus que les persones de la teva edat han d’anar a l’escola?,true
21420853,POS1_21420853.txt,Creus que les persones de la teva edat han d’anar a l’escola?,true
21420854,POS1_21420854.txt,Creus que les persones de la teva edat han d’anar a l’escola?,true
21420855,POS1_21420855.txt,Creus que les persones de la teva edat han d’anar a l’escola?,false
21510856,POS1_21510856.txt,Creus que les persones de la teva edat han d’anar a l’escola?,false
21510857,POS1_21510857.txt,Creus que les persones de la teva edat han d’anar a l’escola?,true
21510858,POS1_21510858.txt,Creus que les persones de la teva edat han d’anar a l’escola?,true
21510859,POS1_21510859.txt,Creus que les persones de la teva edat han d’anar a l’escola?,true
21510860,POS1_21510860.txt,Creus que les persones de la teva edat han d’anar a l’escola?,false
21510861,POS1_21510861.txt,Creus que les persones de la teva edat han d’anar a l’escola?,true
21510862,POS1_21510862.txt,Creus que les persones de la teva edat han d’anar a l’escola?,false
21510863,POS1_21510863.txt,Creus que les persones de la teva edat han d’anar a l’escola?,true
21510864,POS1_21510864.txt,Creus que les persones de la teva edat han d’anar a l’escola?,false
21510865,POS1_21510865.txt,Creus que les persones de la teva edat han d’anar a l’escola?,false
21510866,POS1_21510866.txt,Creus que les persones de la teva edat han d’anar a l’escola?,true
21510867,POS1_21510867.txt,Creus que les persones de la teva edat han d’anar a l’escola?,false
21510868,POS1_21510868.txt,Creus que les persones de la teva edat han d’anar a l’escola?,true
21510869,POS1_21510869.txt,Creus que les persones de la teva edat han d’anar a l’escola?,true
21510870,POS1_21510870.txt,Creus que les persones de la teva edat han d’anar a l’escola?,false
21510871,POS1_21510871.txt,Creus que les persones de la teva edat han d’anar a l’escola?,true
21510872,POS1_21510872.txt,Creus que les persones de la teva edat han d’anar a l’escola?,true
21510873,POS1_21510873.txt,Creus que les persones de la teva edat han d’anar a l’escola?,false
21510874,POS1_21510874.txt,Creus que les persones de la teva edat han d’anar a l’escola?,true
21510875,POS1_21510875.txt,Creus que les persones de la teva edat han d’anar a l’escola?,true
21510876,POS1_21510876.txt,Creus que les persones de la teva edat han d’anar a l’escola?,false
21510877,POS1_21510877.txt,Creus que les persones de la teva edat han d’anar a l’escola?,false
21510878,POS1_21510878.txt,Creus que les persones de la teva edat han d’anar a l’escola?,true
21510879,POS1_21510879.txt,Creus que les persones de la teva edat han d’anar a l’escola?,false
21520880,POS1_21520880.txt,Creus que les persones de la teva edat han d’anar a l’escola?,true
21520881,POS1_21520881.txt,Creus que les persones de la teva edat han d’anar a l’escola?,false
21520882,POS1_21520882.txt,Creus que les persones de la teva edat han d’anar a l’escola?,true
21520883,POS1_21520883.txt,Creus que les persones de la teva edat han d’anar a l’escola?,true
21520884,POS1_21520884.txt,Creus que les persones de la teva edat han d’anar a l’escola?,false
21520885,POS1_21520885.txt,Creus que les persones de la teva edat han d’anar a l’escola?,true
21520886,POS1_21520886.txt,Creus que les persones de la teva edat han d’anar a l’escola?,true
21520887,POS1_21520887.txt,Creus que les persones de la teva edat han d’anar a l’escola?,false
21520888,POS1_21520888.txt,Creus que les persones de la teva edat han d’anar a l’escola?,true
21520889,POS1_21520889.txt,Creus que les persones de la teva edat han d’anar a l’escola?,true
21520890,POS1_21520890.txt,Creus que les persones de la teva edat han d’anar a l’escola?,true
21520891,POS1_21520891.txt,Creus que les persones de la teva edat han d’anar a l’escola?,false
21520892,POS1_21520892.txt,Creus que les persones de la teva edat han d’anar a l’escola?,false
21520893,POS1_21520893.txt,Creus que les persones de la teva edat han d’anar a l’escola?,true
21520894,POS1_21520894.txt,Creus que les persones de la teva edat han d’anar a l’escola?,false
21520895,POS1_21520895.txt,Creus que les persones de la teva edat han d’anar a l’escola?,true
21520896,POS1_21520896.txt,Creus que les persones de la teva edat han d’anar a l’escola?,false
21520897,POS1_21520897.txt,Creus que les persones de la teva edat han d’anar a l’escola?,true
21520898,POS1_21520898.txt,Creus que les persones de la teva edat han d’anar a l’escola?,true
21520899,POS1_21520899.txt,Creus que les persones de la teva edat han d’anar a l’escola?,false
21520900,POS1_21520900.txt,Creus que les persones de la teva edat han d’anar a l’escola?,true
21520901,POS1_21520901.txt,Creus que les persones de la teva edat han d’anar a l’escola?,true
21520902,POS1_21520902.txt,Creus que les persones de la teva edat han d’anar a l’escola?,true
21520903,POS1_21520903.txt,Creus que les persones de la teva edat han d’anar a l’escola?,true
21520904,POS1_21520904.txt,Creus que les persones de la teva edat han d’anar a l’escola?,true
21520905,POS1_21520905.txt,Creus que les persones de la teva edat han d’anar a l’escola?,true
