ID,FileID,Consigna,File Exists
11410001,PRE_11410001.txt,"Creus que a l’escola es necessita temps de pati, el temps d’esbarjo?",true
11410002,PRE_11410002.txt,"Creus que a l’escola es necessita temps de pati, el temps d’esbarjo?",true
11410003,PRE_11410003.txt,"Creus que a l’escola es necessita temps de pati, el temps d’esbarjo?",true
11410004,PRE_11410004.txt,"Creus que a l’escola es necessita temps de pati, el temps d’esbarjo?",true
11410005,PRE_11410005.txt,"Creus que a l’escola es necessita temps de pati, el temps d’esbarjo?",true
11410006,PRE_11410006.txt,"Creus que a l’escola es necessita temps de pati, el temps d’esbarjo?",true
11410007,PRE_11410007.txt,"Creus que a l’escola es necessita temps de pati, el temps d’esbarjo?",true
11410008,PRE_11410008.txt,"Creus que a l’escola es necessita temps de pati, el temps d’esbarjo?",true
11410009,PRE_11410009.txt,"Creus que a l’escola es necessita temps de pati, el temps d’esbarjo?",true
11410010,PRE_11410010.txt,"Creus que a l’escola es necessita temps de pati, el temps d’esbarjo?",true
11410011,PRE_11410011.txt,"Creus que a l’escola es necessita temps de pati, el temps d’esbarjo?",true
11410012,PRE_11410012.txt,"Creus que a l’escola es necessita temps de pati, el temps d’esbarjo?",false
11410013,PRE_11410013.txt,"Creus que a l’escola es necessita temps de pati, el temps d’esbarjo?",true
11410014,PRE_11410014.txt,"Creus que a l’escola es necessita temps de pati, el temps d’esbarjo?",false
11410015,PRE_11410015.txt,"Creus que a l’escola es necessita temps de pati, el temps d’esbarjo?",true
11410016,PRE_11410016.txt,"Creus que a l’escola es necessita temps de pati, el temps d’esbarjo?",true
11410017,PRE_11410017.txt,"Creus que a l’escola es necessita temps de pati, el temps d’esbarjo?",true
11410018,PRE_11410018.txt,"Creus que a l’escola es necessita temps de pati, el temps d’esbarjo?",true
11410019,PRE_11410019.txt,"Creus que a l’escola es necessita temps de pati, el temps d’esbarjo?",true
11410020,PRE_11410020.txt,"Creus que a l’escola es necessita temps de pati, el temps d’esbarjo?",true
11410021,PRE_11410021.txt,"Creus que a l’escola es necessita temps de pati, el temps d’esbarjo?",true
11420022,PRE_11420022.txt,"Creus que a l’escola es necessita temps de pati, el temps d’esbarjo?",true
11420023,PRE_11420023.txt,"Creus que a l’escola es necessita temps de pati, el temps d’esbarjo?",true
11420024,PRE_11420024.txt,"Creus que a l’escola es necessita temps de pati, el temps d’esbarjo?",true
11420025,PRE_11420025.txt,"Creus que a l’escola es necessita temps de pati, el temps d’esbarjo?",false
11420026,PRE_11420026.txt,"Creus que a l’escola es necessita temps de pati, el temps d’esbarjo?",false
11420027,PRE_11420027.txt,"Creus que a l’escola es necessita temps de pati, el temps d’esbarjo?",false
11420028,PRE_11420028.txt,"Creus que a l’escola es necessita temps de pati, el temps d’esbarjo?",false
11420029,PRE_11420029.txt,"Creus que a l’escola es necessita temps de pati, el temps d’esbarjo?",true
11420030,PRE_11420030.txt,"Creus que a l’escola es necessita temps de pati, el temps d’esbarjo?",true
11420031,PRE_11420031.txt,"Creus que a l’escola es necessita temps de pati, el temps d’esbarjo?",true
11420032,PRE_11420032.txt,"Creus que a l’escola es necessita temps de pati, el temps d’esbarjo?",false
11420033,PRE_11420033.txt,"Creus que a l’escola es necessita temps de pati, el temps d’esbarjo?",true
11420034,PRE_11420034.txt,"Creus que a l’escola es necessita temps de pati, el temps d’esbarjo?",false
11420035,PRE_11420035.txt,"Creus que a l’escola es necessita temps de pati, el temps d’esbarjo?",true
11420036,PRE_11420036.txt,"Creus que a l’escola es necessita temps de pati, el temps d’esbarjo?",true
11420037,PRE_11420037.txt,"Creus que a l’escola es necessita temps de pati, el temps d’esbarjo?",false
11420038,PRE_11420038.txt,"Creus que a l’escola es necessita temps de pati, el temps d’esbarjo?",false
11420039,PRE_11420039.txt,"Creus que a l’escola es necessita temps de pati, el temps d’esbarjo?",true
11420040,PRE_11420040.txt,"Creus que a l’escola es necessita temps de pati, el temps d’esbarjo?",true
11420041,PRE_11420041.txt,"Creus que a l’escola es necessita temps de pati, el temps d’esbarjo?",true
11430042,PRE_11430042.txt,"Creus que a l’escola es necessita temps de pati, el temps d’esbarjo?",true
11430043,PRE_11430043.txt,"Creus que a l’escola es necessita temps de pati, el temps d’esbarjo?",true
11430044,PRE_11430044.txt,"Creus que a l’escola es necessita temps de pati, el temps d’esbarjo?",true
11430045,PRE_11430045.txt,"Creus que a l’escola es necessita temps de pati, el temps d’esbarjo?",true
11430046,PRE_11430046.txt,"Creus que a l’escola es necessita temps de pati, el temps d’esbarjo?",false
11430047,PRE_11430047.txt,"Creus que a l’escola es necessita temps de pati, el temps d’esbarjo?",true
11430048,PRE_11430048.txt,"Creus que a l’escola es necessita temps de pati, el temps d’esbarjo?",true
11430049,PRE_11430049.txt,"Creus que a l’escola es necessita temps de pati, el temps d’esbarjo?",true
11430050,PRE_11430050.txt,"Creus que a l’escola es necessita temps de pati, el temps d’esbarjo?",true
11430051,PRE_11430051.txt,"Creus que a l’escola es necessita temps de pati, el temps d’esbarjo?",true
11430052,PRE_11430052.txt,"Creus que a l’escola es necessita temps de pati, el temps d’esbarjo?",true
11430053,PRE_11430053.txt,"Creus que a l’escola es necessita temps de pati, el temps d’esbarjo?",true
11430054,PRE_11430054.txt,"Creus que a l’escola es necessita temps de pati, el temps d’esbarjo?",true
11430055,PRE_11430055.txt,"Creus que a l’escola es necessita temps de pati, el temps d’esbarjo?",true
11430056,PRE_11430056.txt,"Creus que a l’escola es necessita temps de pati, el temps d’esbarjo?",true
11430057,PRE_11430057.txt,"Creus que a l’escola es necessita temps de pati, el temps d’esbarjo?",true
11430058,PRE_11430058.txt,"Creus que a l’escola es necessita temps de pati, el temps d’esbarjo?",false
11430059,PRE_11430059.txt,"Creus que a l’escola es necessita temps de pati, el temps d’esbarjo?",true
11430060,PRE_11430060.txt,"Creus que a l’escola es necessita temps de pati, el temps d’esbarjo?",true
11430061,PRE_11430061.txt,"Creus que a l’escola es necessita temps de pati, el temps d’esbarjo?",true
11430062,PRE_11430062.txt,"Creus que a l’escola es necessita temps de pati, el temps d’esbarjo?",true
11510063,PRE_11510063.txt,"Creus que a l’escola es necessita temps de pati, el temps d’esbarjo?",true
11510064,PRE_11510064.txt,"Creus que a l’escola es necessita temps de pati, el temps d’esbarjo?",true
11510065,PRE_11510065.txt,"Creus que a l’escola es necessita temps de pati, el temps d’esbarjo?",true
11510066,PRE_11510066.txt,"Creus que a l’escola es necessita temps de pati, el temps d’esbarjo?",false
11510067,PRE_11510067.txt,"Creus que a l’escola es necessita temps de pati, el temps d’esbarjo?",true
11510068,PRE_11510068.txt,"Creus que a l’escola es necessita temps de pati, el temps d’esbarjo?",true
11510069,PRE_11510069.txt,"Creus que a l’escola es necessita temps de pati, el temps d’esbarjo?",true
11510070,PRE_11510070.txt,"Creus que a l’escola es necessita temps de pati, el temps d’esbarjo?",true
11510071,PRE_11510071.txt,"Creus que a l’escola es necessita temps de pati, el temps d’esbarjo?",false
11510072,PRE_11510072.txt,"Creus que a l’escola es necessita temps de pati, el temps d’esbarjo?",true
11510073,PRE_11510073.txt,"Creus que a l’escola es necessita temps de pati, el temps d’esbarjo?",true
11510074,PRE_11510074.txt,"Creus que a l’escola es necessita temps de pati, el temps d’esbarjo?",true
11510075,PRE_11510075.txt,"Creus que a l’escola es necessita temps de pati, el temps d’esbarjo?",true
11510076,PRE_11510076.txt,"Creus que a l’escola es necessita temps de pati, el temps d’esbarjo?",false
11510077,PRE_11510077.txt,"Creus que a l’escola es necessita temps de pati, el temps d’esbarjo?",true
11510078,PRE_11510078.txt,"Creus que a l’escola es necessita temps de pati, el temps d’esbarjo?",true
11510079,PRE_11510079.txt,"Creus que a l’escola es necessita temps de pati, el temps d’esbarjo?",true
11510080,PRE_11510080.txt,"Creus que a l’escola es necessita temps de pati, el temps d’esbarjo?",false
11510081,PRE_11510081.txt,"Creus que a l’escola es necessita temps de pati, el temps d’esbarjo?",true
11510082,PRE_11510082.txt,"Creus que a l’escola es necessita temps de pati, el temps d’esbarjo?",true
11510083,PRE_11510083.txt,"Creus que a l’escola es necessita temps de pati, el temps d’esbarjo?",true
11510084,PRE_11510084.txt,"Creus que a l’escola es necessita temps de pati, el temps d’esbarjo?",true
11510085,PRE_11510085.txt,"Creus que a l’escola es necessita temps de pati, el temps d’esbarjo?",true
11510086,PRE_11510086.txt,"Creus que a l’escola es necessita temps de pati, el temps d’esbarjo?",true
11510087,PRE_11510087.txt,"Creus que a l’escola es necessita temps de pati, el temps d’esbarjo?",true
11520088,PRE_11520088.txt,"Creus que a l’escola es necessita temps de pati, el temps d’esbarjo?",true
11520089,PRE_11520089.txt,"Creus que a l’escola es necessita temps de pati, el temps d’esbarjo?",true
11520090,PRE_11520090.txt,"Creus que a l’escola es necessita temps de pati, el temps d’esbarjo?",true
11520091,PRE_11520091.txt,"Creus que a l’escola es necessita temps de pati, el temps d’esbarjo?",true
11520092,PRE_11520092.txt,"Creus que a l’escola es necessita temps de pati, el temps d’esbarjo?",true
11520093,PRE_11520093.txt,"Creus que a l’escola es necessita temps de pati, el temps d’esbarjo?",true
11520094,PRE_11520094.txt,"Creus que a l’escola es necessita temps de pati, el temps d’esbarjo?",false
11520095,PRE_11520095.txt,"Creus que a l’escola es necessita temps de pati, el temps d’esbarjo?",true
11520096,PRE_11520096.txt,"Creus que a l’escola es necessita temps de pati, el temps d’esbarjo?",true
11520097,PRE_11520097.txt,"Creus que a l’escola es necessita temps de pati, el temps d’esbarjo?",true
11520098,PRE_11520098.txt,"Creus que a l’escola es necessita temps de pati, el temps d’esbarjo?",true
11520099,PRE_11520099.txt,"Creus que a l’escola es necessita temps de pati, el temps d’esbarjo?",true
11520100,PRE_11520100.txt,"Creus que a l’escola es necessita temps de pati, el temps d’esbarjo?",true
11520101,PRE_11520101.txt,"Creus que a l’escola es necessita temps de pati, el temps d’esbarjo?",true
11520102,PRE_11520102.txt,"Creus que a l’escola es necessita temps de pati, el temps d’esbarjo?",true
11520103,PRE_11520103.txt,"Creus que a l’escola es necessita temps de pati, el temps d’esbarjo?",true
11520104,PRE_11520104.txt,"Creus que a l’escola es necessita temps de pati, el temps d’esbarjo?",true
11520105,PRE_11520105.txt,"Creus que a l’escola es necessita temps de pati, el temps d’esbarjo?",true
11520106,PRE_11520106.txt,"Creus que a l’escola es necessita temps de pati, el temps d’esbarjo?",true
11520107,PRE_11520107.txt,"Creus que a l’escola es necessita temps de pati, el temps d’esbarjo?",true
11520108,PRE_11520108.txt,"Creus que a l’escola es necessita temps de pati, el temps d’esbarjo?",true
11520109,PRE_11520109.txt,"Creus que a l’escola es necessita temps de pati, el temps d’esbarjo?",true
11520110,PRE_11520110.txt,"Creus que a l’escola es necessita temps de pati, el temps d’esbarjo?",true
11520111,PRE_11520111.txt,"Creus que a l’escola es necessita temps de pati, el temps d’esbarjo?",true
11520112,PRE_11520112.txt,"Creus que a l’escola es necessita temps de pati, el temps d’esbarjo?",true
12410113,PRE_12410113.txt,Creus que les persones de la teva edat han d’anar a l’escola?,true
12410114,PRE_12410114.txt,Creus que les persones de la teva edat han d’anar a l’escola?,true
12410115,PRE_12410115.txt,Creus que les persones de la teva edat han d’anar a l’escola?,false
12410116,PRE_12410116.txt,Creus que les persones de la teva edat han d’anar a l’escola?,true
12410117,PRE_12410117.txt,Creus que les persones de la teva edat han d’anar a l’escola?,true
12410118,PRE_12410118.txt,Creus que les persones de la teva edat han d’anar a l’escola?,true
12410119,PRE_12410119.txt,Creus que les persones de la teva edat han d’anar a l’escola?,false
12410120,PRE_12410120.txt,Creus que les persones de la teva edat han d’anar a l’escola?,true
12410121,PRE_12410121.txt,Creus que les persones de la teva edat han d’anar a l’escola?,true
12410122,PRE_12410122.txt,Creus que les persones de la teva edat han d’anar a l’escola?,true
12410123,PRE_12410123.txt,Creus que les persones de la teva edat han d’anar a l’escola?,true
12410124,PRE_12410124.txt,Creus que les persones de la teva edat han d’anar a l’escola?,true
12410125,PRE_12410125.txt,Creus que les persones de la teva edat han d’anar a l’escola?,true
12410126,PRE_12410126.txt,Creus que les persones de la teva edat han d’anar a l’escola?,true
12410127,PRE_12410127.txt,Creus que les persones de la teva edat han d’anar a l’escola?,true
12410128,PRE_12410128.txt,Creus que les persones de la teva edat han d’anar a l’escola?,true
12410129,PRE_12410129.txt,Creus que les persones de la teva edat han d’anar a l’escola?,true
12410130,PRE_12410130.txt,Creus que les persones de la teva edat han d’anar a l’escola?,true
12410131,PRE_12410131.txt,Creus que les persones de la teva edat han d’anar a l’escola?,false
12410132,PRE_12410132.txt,Creus que les persones de la teva edat han d’anar a l’escola?,false
12410133,PRE_12410133.txt,Creus que les persones de la teva edat han d’anar a l’escola?,true
12410134,PRE_12410134.txt,Creus que les persones de la teva edat han d’anar a l’escola?,true
12410135,PRE_12410135.txt,Creus que les persones de la teva edat han d’anar a l’escola?,true
12410136,PRE_12410136.txt,Creus que les persones de la teva edat han d’anar a l’escola?,false
12420137,PRE_12420137.txt,Creus que les persones de la teva edat han d’anar a l’escola?,true
12420138,PRE_12420138.txt,Creus que les persones de la teva edat han d’anar a l’escola?,true
12420139,PRE_12420139.txt,Creus que les persones de la teva edat han d’anar a l’escola?,false
12420140,PRE_12420140.txt,Creus que les persones de la teva edat han d’anar a l’escola?,true
12420141,PRE_12420141.txt,Creus que les persones de la teva edat han d’anar a l’escola?,true
12420142,PRE_12420142.txt,Creus que les persones de la teva edat han d’anar a l’escola?,true
12420143,PRE_12420143.txt,Creus que les persones de la teva edat han d’anar a l’escola?,true
12420144,PRE_12420144.txt,Creus que les persones de la teva edat han d’anar a l’escola?,true
12420145,PRE_12420145.txt,Creus que les persones de la teva edat han d’anar a l’escola?,true
12420146,PRE_12420146.txt,Creus que les persones de la teva edat han d’anar a l’escola?,true
12420147,PRE_12420147.txt,Creus que les persones de la teva edat han d’anar a l’escola?,true
12420148,PRE_12420148.txt,Creus que les persones de la teva edat han d’anar a l’escola?,false
12420149,PRE_12420149.txt,Creus que les persones de la teva edat han d’anar a l’escola?,true
12420150,PRE_12420150.txt,Creus que les persones de la teva edat han d’anar a l’escola?,true
12420151,PRE_12420151.txt,Creus que les persones de la teva edat han d’anar a l’escola?,true
12420152,PRE_12420152.txt,Creus que les persones de la teva edat han d’anar a l’escola?,true
12420153,PRE_12420153.txt,Creus que les persones de la teva edat han d’anar a l’escola?,false
12420154,PRE_12420154.txt,Creus que les persones de la teva edat han d’anar a l’escola?,true
12420155,PRE_12420155.txt,Creus que les persones de la teva edat han d’anar a l’escola?,true
12420156,PRE_12420156.txt,Creus que les persones de la teva edat han d’anar a l’escola?,true
12420157,PRE_12420157.txt,Creus que les persones de la teva edat han d’anar a l’escola?,true
12420158,PRE_12420158.txt,Creus que les persones de la teva edat han d’anar a l’escola?,false
12420159,PRE_12420159.txt,Creus que les persones de la teva edat han d’anar a l’escola?,true
12420160,PRE_12420160.txt,Creus que les persones de la teva edat han d’anar a l’escola?,true
12420161,PRE_12420161.txt,Creus que les persones de la teva edat han d’anar a l’escola?,true
12420162,PRE_12420162.txt,Creus que les persones de la teva edat han d’anar a l’escola?,true
12510163,PRE_12510163.txt,Creus que les persones de la teva edat han d’anar a l’escola?,true
12510164,PRE_12510164.txt,Creus que les persones de la teva edat han d’anar a l’escola?,true
12510165,PRE_12510165.txt,Creus que les persones de la teva edat han d’anar a l’escola?,false
12510166,PRE_12510166.txt,Creus que les persones de la teva edat han d’anar a l’escola?,false
12510167,PRE_12510167.txt,Creus que les persones de la teva edat han d’anar a l’escola?,false
12510168,PRE_12510168.txt,Creus que les persones de la teva edat han d’anar a l’escola?,true
12510169,PRE_12510169.txt,Creus que les persones de la teva edat han d’anar a l’escola?,false
12510170,PRE_12510170.txt,Creus que les persones de la teva edat han d’anar a l’escola?,false
12510171,PRE_12510171.txt,Creus que les persones de la teva edat han d’anar a l’escola?,true
12510172,PRE_12510172.txt,Creus que les persones de la teva edat han d’anar a l’escola?,true
12510173,PRE_12510173.txt,Creus que les persones de la teva edat han d’anar a l’escola?,false
12510174,PRE_12510174.txt,Creus que les persones de la teva edat han d’anar a l’escola?,true
12510175,PRE_12510175.txt,Creus que les persones de la teva edat han d’anar a l’escola?,true
12510176,PRE_12510176.txt,Creus que les persones de la teva edat han d’anar a l’escola?,true
12510177,PRE_12510177.txt,Creus que les persones de la teva edat han d’anar a l’escola?,true
12510178,PRE_12510178.txt,Creus que les persones de la teva edat han d’anar a l’escola?,false
12510179,PRE_12510179.txt,Creus que les persones de la teva edat han d’anar a l’escola?,false
12510180,PRE_12510180.txt,Creus que les persones de la teva edat han d’anar a l’escola?,true
12510181,PRE_12510181.txt,Creus que les persones de la teva edat han d’anar a l’escola?,false
12510182,PRE_12510182.txt,Creus que les persones de la teva edat han d’anar a l’escola?,false
12510183,PRE_12510183.txt,Creus que les persones de la teva edat han d’anar a l’escola?,true
12510184,PRE_12510184.txt,Creus que les persones de la teva edat han d’anar a l’escola?,false
12510185,PRE_12510185.txt,Creus que les persones de la teva edat han d’anar a l’escola?,false
12510186,PRE_12510186.txt,Creus que les persones de la teva edat han d’anar a l’escola?,true
12510187,PRE_12510187.txt,Creus que les persones de la teva edat han d’anar a l’escola?,true
12520188,PRE_12520188.txt,Creus que les persones de la teva edat han d’anar a l’escola?,true
12520189,PRE_12520189.txt,Creus que les persones de la teva edat han d’anar a l’escola?,true
12520190,PRE_12520190.txt,Creus que les persones de la teva edat han d’anar a l’escola?,true
12520191,PRE_12520191.txt,Creus que les persones de la teva edat han d’anar a l’escola?,true
12520192,PRE_12520192.txt,Creus que les persones de la teva edat han d’anar a l’escola?,true
12520193,PRE_12520193.txt,Creus que les persones de la teva edat han d’anar a l’escola?,true
12520194,PRE_12520194.txt,Creus que les persones de la teva edat han d’anar a l’escola?,true
12520195,PRE_12520195.txt,Creus que les persones de la teva edat han d’anar a l’escola?,true
12520196,PRE_12520196.txt,Creus que les persones de la teva edat han d’anar a l’escola?,true
12520197,PRE_12520197.txt,Creus que les persones de la teva edat han d’anar a l’escola?,true
12520198,PRE_12520198.txt,Creus que les persones de la teva edat han d’anar a l’escola?,true
12520199,PRE_12520199.txt,Creus que les persones de la teva edat han d’anar a l’escola?,true
12520200,PRE_12520200.txt,Creus que les persones de la teva edat han d’anar a l’escola?,true
12520201,PRE_12520201.txt,Creus que les persones de la teva edat han d’anar a l’escola?,true
12520202,PRE_12520202.txt,Creus que les persones de la teva edat han d’anar a l’escola?,true
12520203,PRE_12520203.txt,Creus que les persones de la teva edat han d’anar a l’escola?,true
12520204,PRE_12520204.txt,Creus que les persones de la teva edat han d’anar a l’escola?,true
12520205,PRE_12520205.txt,Creus que les persones de la teva edat han d’anar a l’escola?,true
12520206,PRE_12520206.txt,Creus que les persones de la teva edat han d’anar a l’escola?,true
12520207,PRE_12520207.txt,Creus que les persones de la teva edat han d’anar a l’escola?,false
12520208,PRE_12520208.txt,Creus que les persones de la teva edat han d’anar a l’escola?,true
12520209,PRE_12520209.txt,Creus que les persones de la teva edat han d’anar a l’escola?,true
12520210,PRE_12520210.txt,Creus que les persones de la teva edat han d’anar a l’escola?,true
12520211,PRE_12520211.txt,Creus que les persones de la teva edat han d’anar a l’escola?,true
12520212,PRE_12520212.txt,Creus que les persones de la teva edat han d’anar a l’escola?,true
12520213,PRE_12520213.txt,Creus que les persones de la teva edat han d’anar a l’escola?,true
13410294,PRE_13410294.txt,Creus que les persones de la teva edat han de tenir mòbil?,false
13410295,PRE_13410295.txt,Creus que les persones de la teva edat han de tenir mòbil?,true
13410296,PRE_13410296.txt,Creus que les persones de la teva edat han de tenir mòbil?,true
13410297,PRE_13410297.txt,Creus que les persones de la teva edat han de tenir mòbil?,false
13410298,PRE_13410298.txt,Creus que les persones de la teva edat han de tenir mòbil?,true
13410299,PRE_13410299.txt,Creus que les persones de la teva edat han de tenir mòbil?,true
13410300,PRE_13410300.txt,Creus que les persones de la teva edat han de tenir mòbil?,true
13410301,PRE_13410301.txt,Creus que les persones de la teva edat han de tenir mòbil?,true
13410302,PRE_13410302.txt,Creus que les persones de la teva edat han de tenir mòbil?,true
13410303,PRE_13410303.txt,Creus que les persones de la teva edat han de tenir mòbil?,true
13410304,PRE_13410304.txt,Creus que les persones de la teva edat han de tenir mòbil?,true
13410305,PRE_13410305.txt,Creus que les persones de la teva edat han de tenir mòbil?,true
13410306,PRE_13410306.txt,Creus que les persones de la teva edat han de tenir mòbil?,true
13410307,PRE_13410307.txt,Creus que les persones de la teva edat han de tenir mòbil?,true
13410308,PRE_13410308.txt,Creus que les persones de la teva edat han de tenir mòbil?,false
13410309,PRE_13410309.txt,Creus que les persones de la teva edat han de tenir mòbil?,true
13410310,PRE_13410310.txt,Creus que les persones de la teva edat han de tenir mòbil?,true
13410311,PRE_13410311.txt,Creus que les persones de la teva edat han de tenir mòbil?,true
13410312,PRE_13410312.txt,Creus que les persones de la teva edat han de tenir mòbil?,false
13410313,PRE_13410313.txt,Creus que les persones de la teva edat han de tenir mòbil?,true
13410314,PRE_13410314.txt,Creus que les persones de la teva edat han de tenir mòbil?,false
13410315,PRE_13410315.txt,Creus que les persones de la teva edat han de tenir mòbil?,true
13410316,PRE_13410316.txt,Creus que les persones de la teva edat han de tenir mòbil?,false
13410317,PRE_13410317.txt,Creus que les persones de la teva edat han de tenir mòbil?,false
13410318,PRE_13410318.txt,Creus que les persones de la teva edat han de tenir mòbil?,false
13410319,PRE_13410319.txt,Creus que les persones de la teva edat han de tenir mòbil?,true
13420214,PRE_13420214.txt,Creus que les persones de la teva edat han de tenir mòbil?,true
13420215,PRE_13420215.txt,Creus que les persones de la teva edat han de tenir mòbil?,true
13420216,PRE_13420216.txt,Creus que les persones de la teva edat han de tenir mòbil?,true
13420217,PRE_13420217.txt,Creus que les persones de la teva edat han de tenir mòbil?,false
13420218,PRE_13420218.txt,Creus que les persones de la teva edat han de tenir mòbil?,true
13420219,PRE_13420219.txt,Creus que les persones de la teva edat han de tenir mòbil?,true
13420220,PRE_13420220.txt,Creus que les persones de la teva edat han de tenir mòbil?,true
13420221,PRE_13420221.txt,Creus que les persones de la teva edat han de tenir mòbil?,true
13420222,PRE_13420222.txt,Creus que les persones de la teva edat han de tenir mòbil?,false
13420223,PRE_13420223.txt,Creus que les persones de la teva edat han de tenir mòbil?,true
13420224,PRE_13420224.txt,Creus que les persones de la teva edat han de tenir mòbil?,true
13420225,PRE_13420225.txt,Creus que les persones de la teva edat han de tenir mòbil?,true
13420226,PRE_13420226.txt,Creus que les persones de la teva edat han de tenir mòbil?,true
13420227,PRE_13420227.txt,Creus que les persones de la teva edat han de tenir mòbil?,true
13420228,PRE_13420228.txt,Creus que les persones de la teva edat han de tenir mòbil?,true
13420229,PRE_13420229.txt,Creus que les persones de la teva edat han de tenir mòbil?,false
13420230,PRE_13420230.txt,Creus que les persones de la teva edat han de tenir mòbil?,true
13420231,PRE_13420231.txt,Creus que les persones de la teva edat han de tenir mòbil?,true
13420232,PRE_13420232.txt,Creus que les persones de la teva edat han de tenir mòbil?,true
13420233,PRE_13420233.txt,Creus que les persones de la teva edat han de tenir mòbil?,true
13420234,PRE_13420234.txt,Creus que les persones de la teva edat han de tenir mòbil?,true
13420235,PRE_13420235.txt,Creus que les persones de la teva edat han de tenir mòbil?,false
13420236,PRE_13420236.txt,Creus que les persones de la teva edat han de tenir mòbil?,true
13420237,PRE_13420237.txt,Creus que les persones de la teva edat han de tenir mòbil?,true
13420238,PRE_13420238.txt,Creus que les persones de la teva edat han de tenir mòbil?,true
13420239,PRE_13420239.txt,Creus que les persones de la teva edat han de tenir mòbil?,true
13420240,PRE_13420240.txt,Creus que les persones de la teva edat han de tenir mòbil?,false
13510241,PRE_13510241.txt,Creus que les persones de la teva edat han de tenir mòbil?,true
13510242,PRE_13510242.txt,Creus que les persones de la teva edat han de tenir mòbil?,false
13510243,PRE_13510243.txt,Creus que les persones de la teva edat han de tenir mòbil?,false
13510244,PRE_13510244.txt,Creus que les persones de la teva edat han de tenir mòbil?,false
13510245,PRE_13510245.txt,Creus que les persones de la teva edat han de tenir mòbil?,false
13510246,PRE_13510246.txt,Creus que les persones de la teva edat han de tenir mòbil?,true
13510247,PRE_13510247.txt,Creus que les persones de la teva edat han de tenir mòbil?,false
13510248,PRE_13510248.txt,Creus que les persones de la teva edat han de tenir mòbil?,true
13510249,PRE_13510249.txt,Creus que les persones de la teva edat han de tenir mòbil?,true
13510250,PRE_13510250.txt,Creus que les persones de la teva edat han de tenir mòbil?,false
13510251,PRE_13510251.txt,Creus que les persones de la teva edat han de tenir mòbil?,false
13510252,PRE_13510252.txt,Creus que les persones de la teva edat han de tenir mòbil?,true
13510253,PRE_13510253.txt,Creus que les persones de la teva edat han de tenir mòbil?,false
13510254,PRE_13510254.txt,Creus que les persones de la teva edat han de tenir mòbil?,false
13510255,PRE_13510255.txt,Creus que les persones de la teva edat han de tenir mòbil?,true
13510256,PRE_13510256.txt,Creus que les persones de la teva edat han de tenir mòbil?,true
13510257,PRE_13510257.txt,Creus que les persones de la teva edat han de tenir mòbil?,false
13510258,PRE_13510258.txt,Creus que les persones de la teva edat han de tenir mòbil?,true
13510259,PRE_13510259.txt,Creus que les persones de la teva edat han de tenir mòbil?,true
13510260,PRE_13510260.txt,Creus que les persones de la teva edat han de tenir mòbil?,false
13510261,PRE_13510261.txt,Creus que les persones de la teva edat han de tenir mòbil?,true
13510262,PRE_13510262.txt,Creus que les persones de la teva edat han de tenir mòbil?,true
13510263,PRE_13510263.txt,Creus que les persones de la teva edat han de tenir mòbil?,false
13510264,PRE_13510264.txt,Creus que les persones de la teva edat han de tenir mòbil?,true
13510265,PRE_13510265.txt,Creus que les persones de la teva edat han de tenir mòbil?,true
13510266,PRE_13510266.txt,Creus que les persones de la teva edat han de tenir mòbil?,true
13510267,PRE_13510267.txt,Creus que les persones de la teva edat han de tenir mòbil?,true
13520268,PRE_13520268.txt,Creus que les persones de la teva edat han de tenir mòbil?,true
13520269,PRE_13520269.txt,Creus que les persones de la teva edat han de tenir mòbil?,true
13520270,PRE_13520270.txt,Creus que les persones de la teva edat han de tenir mòbil?,true
13520271,PRE_13520271.txt,Creus que les persones de la teva edat han de tenir mòbil?,true
13520272,PRE_13520272.txt,Creus que les persones de la teva edat han de tenir mòbil?,true
13520273,PRE_13520273.txt,Creus que les persones de la teva edat han de tenir mòbil?,true
13520274,PRE_13520274.txt,Creus que les persones de la teva edat han de tenir mòbil?,false
13520275,PRE_13520275.txt,Creus que les persones de la teva edat han de tenir mòbil?,false
13520276,PRE_13520276.txt,Creus que les persones de la teva edat han de tenir mòbil?,true
13520277,PRE_13520277.txt,Creus que les persones de la teva edat han de tenir mòbil?,true
13520278,PRE_13520278.txt,Creus que les persones de la teva edat han de tenir mòbil?,false
13520279,PRE_13520279.txt,Creus que les persones de la teva edat han de tenir mòbil?,true
13520280,PRE_13520280.txt,Creus que les persones de la teva edat han de tenir mòbil?,true
13520281,PRE_13520281.txt,Creus que les persones de la teva edat han de tenir mòbil?,true
13520282,PRE_13520282.txt,Creus que les persones de la teva edat han de tenir mòbil?,false
13520283,PRE_13520283.txt,Creus que les persones de la teva edat han de tenir mòbil?,true
13520284,PRE_13520284.txt,Creus que les persones de la teva edat han de tenir mòbil?,true
13520285,PRE_13520285.txt,Creus que les persones de la teva edat han de tenir mòbil?,true
13520286,PRE_13520286.txt,Creus que les persones de la teva edat han de tenir mòbil?,true
13520287,PRE_13520287.txt,Creus que les persones de la teva edat han de tenir mòbil?,false
13520288,PRE_13520288.txt,Creus que les persones de la teva edat han de tenir mòbil?,false
13520289,PRE_13520289.txt,Creus que les persones de la teva edat han de tenir mòbil?,true
13520290,PRE_13520290.txt,Creus que les persones de la teva edat han de tenir mòbil?,true
13520291,PRE_13520291.txt,Creus que les persones de la teva edat han de tenir mòbil?,true
13520292,PRE_13520292.txt,Creus que les persones de la teva edat han de tenir mòbil?,true
13520293,PRE_13520293.txt,Creus que les persones de la teva edat han de tenir mòbil?,true
14410320,PRE_14410320.txt,"Creus que a l’escola es necessita temps de pati, el temps d’esbarjo?",true
14410321,PRE_14410321.txt,"Creus que a l’escola es necessita temps de pati, el temps d’esbarjo?",true
14410322,PRE_14410322.txt,"Creus que a l’escola es necessita temps de pati, el temps d’esbarjo?",true
14410323,PRE_14410323.txt,"Creus que a l’escola es necessita temps de pati, el temps d’esbarjo?",true
14410324,PRE_14410324.txt,"Creus que a l’escola es necessita temps de pati, el temps d’esbarjo?",true
14410325,PRE_14410325.txt,"Creus que a l’escola es necessita temps de pati, el temps d’esbarjo?",false
14410326,PRE_14410326.txt,"Creus que a l’escola es necessita temps de pati, el temps d’esbarjo?",true
14410327,PRE_14410327.txt,"Creus que a l’escola es necessita temps de pati, el temps d’esbarjo?",true
14410328,PRE_14410328.txt,"Creus que a l’escola es necessita temps de pati, el temps d’esbarjo?",true
14410329,PRE_14410329.txt,"Creus que a l’escola es necessita temps de pati, el temps d’esbarjo?",true
14410330,PRE_14410330.txt,"Creus que a l’escola es necessita temps de pati, el temps d’esbarjo?",true
14410331,PRE_14410331.txt,"Creus que a l’escola es necessita temps de pati, el temps d’esbarjo?",true
14410332,PRE_14410332.txt,"Creus que a l’escola es necessita temps de pati, el temps d’esbarjo?",true
14410333,PRE_14410333.txt,"Creus que a l’escola es necessita temps de pati, el temps d’esbarjo?",true
14410334,PRE_14410334.txt,"Creus que a l’escola es necessita temps de pati, el temps d’esbarjo?",true
14410335,PRE_14410335.txt,"Creus que a l’escola es necessita temps de pati, el temps d’esbarjo?",false
14410336,PRE_14410336.txt,"Creus que a l’escola es necessita temps de pati, el temps d’esbarjo?",true
14410337,PRE_14410337.txt,"Creus que a l’escola es necessita temps de pati, el temps d’esbarjo?",true
14410338,PRE_14410338.txt,"Creus que a l’escola es necessita temps de pati, el temps d’esbarjo?",true
14410339,PRE_14410339.txt,"Creus que a l’escola es necessita temps de pati, el temps d’esbarjo?",true
14410340,PRE_14410340.txt,"Creus que a l’escola es necessita temps de pati, el temps d’esbarjo?",true
14410984,PRE_14410984.txt,,true
14420341,PRE_14420341.txt,"Creus que a l’escola es necessita temps de pati, el temps d’esbarjo?",true
14420342,PRE_14420342.txt,"Creus que a l’escola es necessita temps de pati, el temps d’esbarjo?",true
14420343,PRE_14420343.txt,"Creus que a l’escola es necessita temps de pati, el temps d’esbarjo?",true
14420344,PRE_14420344.txt,"Creus que a l’escola es necessita temps de pati, el temps d’esbarjo?",true
14420345,PRE_14420345.txt,"Creus que a l’escola es necessita temps de pati, el temps d’esbarjo?",true
14420346,PRE_14420346.txt,"Creus que a l’escola es necessita temps de pati, el temps d’esbarjo?",true
14420347,PRE_14420347.txt,"Creus que a l’escola es necessita temps de pati, el temps d’esbarjo?",true
14420348,PRE_14420348.txt,"Creus que a l’escola es necessita temps de pati, el temps d’esbarjo?",true
14420349,PRE_14420349.txt,"Creus que a l’escola es necessita temps de pati, el temps d’esbarjo?",true
14420350,PRE_14420350.txt,"Creus que a l’escola es necessita temps de pati, el temps d’esbarjo?",true
14420351,PRE_14420351.txt,"Creus que a l’escola es necessita temps de pati, el temps d’esbarjo?",true
14420352,PRE_14420352.txt,"Creus que a l’escola es necessita temps de pati, el temps d’esbarjo?",true
14420353,PRE_14420353.txt,"Creus que a l’escola es necessita temps de pati, el temps d’esbarjo?",true
14420354,PRE_14420354.txt,"Creus que a l’escola es necessita temps de pati, el temps d’esbarjo?",true
14420355,PRE_14420355.txt,"Creus que a l’escola es necessita temps de pati, el temps d’esbarjo?",false
14420356,PRE_14420356.txt,"Creus que a l’escola es necessita temps de pati, el temps d’esbarjo?",true
14420357,PRE_14420357.txt,"Creus que a l’escola es necessita temps de pati, el temps d’esbarjo?",true
14420358,PRE_14420358.txt,"Creus que a l’escola es necessita temps de pati, el temps d’esbarjo?",true
14420359,PRE_14420359.txt,"Creus que a l’escola es necessita temps de pati, el temps d’esbarjo?",true
14420360,PRE_14420360.txt,"Creus que a l’escola es necessita temps de pati, el temps d’esbarjo?",true
14420361,PRE_14420361.txt,"Creus que a l’escola es necessita temps de pati, el temps d’esbarjo?",true
14420362,PRE_14420362.txt,"Creus que a l’escola es necessita temps de pati, el temps d’esbarjo?",true
14420985,PRE_14420985.txt,,true
14510363,PRE_14510363.txt,"Creus que a l’escola es necessita temps de pati, el temps d’esbarjo?",true
14510364,PRE_14510364.txt,"Creus que a l’escola es necessita temps de pati, el temps d’esbarjo?",true
14510365,PRE_14510365.txt,"Creus que a l’escola es necessita temps de pati, el temps d’esbarjo?",true
14510366,PRE_14510366.txt,"Creus que a l’escola es necessita temps de pati, el temps d’esbarjo?",true
14510367,PRE_14510367.txt,"Creus que a l’escola es necessita temps de pati, el temps d’esbarjo?",true
14510368,PRE_14510368.txt,"Creus que a l’escola es necessita temps de pati, el temps d’esbarjo?",false
14510369,PRE_14510369.txt,"Creus que a l’escola es necessita temps de pati, el temps d’esbarjo?",true
14510370,PRE_14510370.txt,"Creus que a l’escola es necessita temps de pati, el temps d’esbarjo?",true
14510371,PRE_14510371.txt,"Creus que a l’escola es necessita temps de pati, el temps d’esbarjo?",false
14510372,PRE_14510372.txt,"Creus que a l’escola es necessita temps de pati, el temps d’esbarjo?",true
14510373,PRE_14510373.txt,"Creus que a l’escola es necessita temps de pati, el temps d’esbarjo?",true
14510374,PRE_14510374.txt,"Creus que a l’escola es necessita temps de pati, el temps d’esbarjo?",true
14510375,PRE_14510375.txt,"Creus que a l’escola es necessita temps de pati, el temps d’esbarjo?",true
14510376,PRE_14510376.txt,"Creus que a l’escola es necessita temps de pati, el temps d’esbarjo?",true
14510377,PRE_14510377.txt,"Creus que a l’escola es necessita temps de pati, el temps d’esbarjo?",true
14510378,PRE_14510378.txt,"Creus que a l’escola es necessita temps de pati, el temps d’esbarjo?",true
14510379,PRE_14510379.txt,"Creus que a l’escola es necessita temps de pati, el temps d’esbarjo?",true
14510380,PRE_14510380.txt,"Creus que a l’escola es necessita temps de pati, el temps d’esbarjo?",true
14510381,PRE_14510381.txt,"Creus que a l’escola es necessita temps de pati, el temps d’esbarjo?",true
14510382,PRE_14510382.txt,"Creus que a l’escola es necessita temps de pati, el temps d’esbarjo?",true
14510383,PRE_14510383.txt,"Creus que a l’escola es necessita temps de pati, el temps d’esbarjo?",true
14510384,PRE_14510384.txt,"Creus que a l’escola es necessita temps de pati, el temps d’esbarjo?",true
14510986,PRE_14510986.txt,,true
14520385,PRE_14520385.txt,"Creus que a l’escola es necessita temps de pati, el temps d’esbarjo?",true
14520386,PRE_14520386.txt,"Creus que a l’escola es necessita temps de pati, el temps d’esbarjo?",true
14520387,PRE_14520387.txt,"Creus que a l’escola es necessita temps de pati, el temps d’esbarjo?",true
14520388,PRE_14520388.txt,"Creus que a l’escola es necessita temps de pati, el temps d’esbarjo?",true
14520389,PRE_14520389.txt,"Creus que a l’escola es necessita temps de pati, el temps d’esbarjo?",true
14520390,PRE_14520390.txt,"Creus que a l’escola es necessita temps de pati, el temps d’esbarjo?",true
14520391,PRE_14520391.txt,"Creus que a l’escola es necessita temps de pati, el temps d’esbarjo?",true
14520392,PRE_14520392.txt,"Creus que a l’escola es necessita temps de pati, el temps d’esbarjo?",true
14520393,PRE_14520393.txt,"Creus que a l’escola es necessita temps de pati, el temps d’esbarjo?",false
14520394,PRE_14520394.txt,"Creus que a l’escola es necessita temps de pati, el temps d’esbarjo?",false
14520395,PRE_14520395.txt,"Creus que a l’escola es necessita temps de pati, el temps d’esbarjo?",true
14520396,PRE_14520396.txt,"Creus que a l’escola es necessita temps de pati, el temps d’esbarjo?",true
14520397,PRE_14520397.txt,"Creus que a l’escola es necessita temps de pati, el temps d’esbarjo?",true
14520398,PRE_14520398.txt,"Creus que a l’escola es necessita temps de pati, el temps d’esbarjo?",false
14520399,PRE_14520399.txt,"Creus que a l’escola es necessita temps de pati, el temps d’esbarjo?",true
14520400,PRE_14520400.txt,"Creus que a l’escola es necessita temps de pati, el temps d’esbarjo?",true
14520401,PRE_14520401.txt,"Creus que a l’escola es necessita temps de pati, el temps d’esbarjo?",true
14520402,PRE_14520402.txt,"Creus que a l’escola es necessita temps de pati, el temps d’esbarjo?",true
14520403,PRE_14520403.txt,"Creus que a l’escola es necessita temps de pati, el temps d’esbarjo?",true
14520404,PRE_14520404.txt,"Creus que a l’escola es necessita temps de pati, el temps d’esbarjo?",true
14520405,PRE_14520405.txt,"Creus que a l’escola es necessita temps de pati, el temps d’esbarjo?",true
14520406,PRE_14520406.txt,"Creus que a l’escola es necessita temps de pati, el temps d’esbarjo?",true
14520407,PRE_14520407.txt,"Creus que a l’escola es necessita temps de pati, el temps d’esbarjo?",true
14520408,PRE_14520408.txt,"Creus que a l’escola es necessita temps de pati, el temps d’esbarjo?",true
14520409,PRE_14520409.txt,"Creus que a l’escola es necessita temps de pati, el temps d’esbarjo?",true
14520410,PRE_14520410.txt,"Creus que a l’escola es necessita temps de pati, el temps d’esbarjo?",true
14530411,PRE_14530411.txt,"Creus que a l’escola es necessita temps de pati, el temps d’esbarjo?",true
14530412,PRE_14530412.txt,"Creus que a l’escola es necessita temps de pati, el temps d’esbarjo?",true
14530413,PRE_14530413.txt,"Creus que a l’escola es necessita temps de pati, el temps d’esbarjo?",true
14530414,PRE_14530414.txt,"Creus que a l’escola es necessita temps de pati, el temps d’esbarjo?",true
14530415,PRE_14530415.txt,"Creus que a l’escola es necessita temps de pati, el temps d’esbarjo?",true
14530416,PRE_14530416.txt,"Creus que a l’escola es necessita temps de pati, el temps d’esbarjo?",true
14530417,PRE_14530417.txt,"Creus que a l’escola es necessita temps de pati, el temps d’esbarjo?",true
14530418,PRE_14530418.txt,"Creus que a l’escola es necessita temps de pati, el temps d’esbarjo?",false
14530419,PRE_14530419.txt,"Creus que a l’escola es necessita temps de pati, el temps d’esbarjo?",true
14530420,PRE_14530420.txt,"Creus que a l’escola es necessita temps de pati, el temps d’esbarjo?",true
14530421,PRE_14530421.txt,"Creus que a l’escola es necessita temps de pati, el temps d’esbarjo?",true
14530422,PRE_14530422.txt,"Creus que a l’escola es necessita temps de pati, el temps d’esbarjo?",true
14530423,PRE_14530423.txt,"Creus que a l’escola es necessita temps de pati, el temps d’esbarjo?",true
14530424,PRE_14530424.txt,"Creus que a l’escola es necessita temps de pati, el temps d’esbarjo?",true
14530425,PRE_14530425.txt,"Creus que a l’escola es necessita temps de pati, el temps d’esbarjo?",true
14530426,PRE_14530426.txt,"Creus que a l’escola es necessita temps de pati, el temps d’esbarjo?",true
14530427,PRE_14530427.txt,"Creus que a l’escola es necessita temps de pati, el temps d’esbarjo?",true
14530428,PRE_14530428.txt,"Creus que a l’escola es necessita temps de pati, el temps d’esbarjo?",true
14530429,PRE_14530429.txt,"Creus que a l’escola es necessita temps de pati, el temps d’esbarjo?",true
14530430,PRE_14530430.txt,"Creus que a l’escola es necessita temps de pati, el temps d’esbarjo?",true
14530431,PRE_14530431.txt,"Creus que a l’escola es necessita temps de pati, el temps d’esbarjo?",true
14530432,PRE_14530432.txt,"Creus que a l’escola es necessita temps de pati, el temps d’esbarjo?",true
14530433,PRE_14530433.txt,"Creus que a l’escola es necessita temps de pati, el temps d’esbarjo?",true
14530434,PRE_14530434.txt,"Creus que a l’escola es necessita temps de pati, el temps d’esbarjo?",true
14530435,PRE_14530435.txt,"Creus que a l’escola es necessita temps de pati, el temps d’esbarjo?",true
14530436,PRE_14530436.txt,"Creus que a l’escola es necessita temps de pati, el temps d’esbarjo?",true
14530437,PRE_14530437.txt,"Creus que a l’escola es necessita temps de pati, el temps d’esbarjo?",true
15410438,PRE_15410438.txt,Creus que les persones de la teva edat han d’anar a l’escola?,true
15410439,PRE_15410439.txt,Creus que les persones de la teva edat han d’anar a l’escola?,true
15410440,PRE_15410440.txt,Creus que les persones de la teva edat han d’anar a l’escola?,true
15410441,PRE_15410441.txt,Creus que les persones de la teva edat han d’anar a l’escola?,true
15410442,PRE_15410442.txt,Creus que les persones de la teva edat han d’anar a l’escola?,true
15410443,PRE_15410443.txt,Creus que les persones de la teva edat han d’anar a l’escola?,false
15410444,PRE_15410444.txt,Creus que les persones de la teva edat han d’anar a l’escola?,true
15410445,PRE_15410445.txt,Creus que les persones de la teva edat han d’anar a l’escola?,true
15410446,PRE_15410446.txt,Creus que les persones de la teva edat han d’anar a l’escola?,true
15410447,PRE_15410447.txt,Creus que les persones de la teva edat han d’anar a l’escola?,true
15410448,PRE_15410448.txt,Creus que les persones de la teva edat han d’anar a l’escola?,true
15410449,PRE_15410449.txt,Creus que les persones de la teva edat han d’anar a l’escola?,true
15410450,PRE_15410450.txt,Creus que les persones de la teva edat han d’anar a l’escola?,true
15410451,PRE_15410451.txt,Creus que les persones de la teva edat han d’anar a l’escola?,true
15410452,PRE_15410452.txt,Creus que les persones de la teva edat han d’anar a l’escola?,true
15410453,PRE_15410453.txt,Creus que les persones de la teva edat han d’anar a l’escola?,true
15410454,PRE_15410454.txt,Creus que les persones de la teva edat han d’anar a l’escola?,true
15410455,PRE_15410455.txt,Creus que les persones de la teva edat han d’anar a l’escola?,true
15410456,PRE_15410456.txt,Creus que les persones de la teva edat han d’anar a l’escola?,true
15410457,PRE_15410457.txt,Creus que les persones de la teva edat han d’anar a l’escola?,true
15410458,PRE_15410458.txt,Creus que les persones de la teva edat han d’anar a l’escola?,true
15410459,PRE_15410459.txt,Creus que les persones de la teva edat han d’anar a l’escola?,true
15410460,PRE_15410460.txt,Creus que les persones de la teva edat han d’anar a l’escola?,true
15410461,PRE_15410461.txt,Creus que les persones de la teva edat han d’anar a l’escola?,true
15410462,PRE_15410462.txt,Creus que les persones de la teva edat han d’anar a l’escola?,false
15410463,PRE_15410463.txt,Creus que les persones de la teva edat han d’anar a l’escola?,true
15420464,PRE_15420464.txt,Creus que les persones de la teva edat han d’anar a l’escola?,true
15420465,PRE_15420465.txt,Creus que les persones de la teva edat han d’anar a l’escola?,true
15420466,PRE_15420466.txt,Creus que les persones de la teva edat han d’anar a l’escola?,true
15420467,PRE_15420467.txt,Creus que les persones de la teva edat han d’anar a l’escola?,true
15420468,PRE_15420468.txt,Creus que les persones de la teva edat han d’anar a l’escola?,false
15420469,PRE_15420469.txt,Creus que les persones de la teva edat han d’anar a l’escola?,false
15420470,PRE_15420470.txt,Creus que les persones de la teva edat han d’anar a l’escola?,true
15420471,PRE_15420471.txt,Creus que les persones de la teva edat han d’anar a l’escola?,true
15420472,PRE_15420472.txt,Creus que les persones de la teva edat han d’anar a l’escola?,true
15420473,PRE_15420473.txt,Creus que les persones de la teva edat han d’anar a l’escola?,true
15420474,PRE_15420474.txt,Creus que les persones de la teva edat han d’anar a l’escola?,false
15420475,PRE_15420475.txt,Creus que les persones de la teva edat han d’anar a l’escola?,true
15420476,PRE_15420476.txt,Creus que les persones de la teva edat han d’anar a l’escola?,true
15420477,PRE_15420477.txt,Creus que les persones de la teva edat han d’anar a l’escola?,true
15420478,PRE_15420478.txt,Creus que les persones de la teva edat han d’anar a l’escola?,true
15420479,PRE_15420479.txt,Creus que les persones de la teva edat han d’anar a l’escola?,true
15420480,PRE_15420480.txt,Creus que les persones de la teva edat han d’anar a l’escola?,true
15420481,PRE_15420481.txt,Creus que les persones de la teva edat han d’anar a l’escola?,false
15420482,PRE_15420482.txt,Creus que les persones de la teva edat han d’anar a l’escola?,true
15420483,PRE_15420483.txt,Creus que les persones de la teva edat han d’anar a l’escola?,true
15420484,PRE_15420484.txt,Creus que les persones de la teva edat han d’anar a l’escola?,true
15420485,PRE_15420485.txt,Creus que les persones de la teva edat han d’anar a l’escola?,true
15420486,PRE_15420486.txt,Creus que les persones de la teva edat han d’anar a l’escola?,false
15420487,PRE_15420487.txt,Creus que les persones de la teva edat han d’anar a l’escola?,false
15420488,PRE_15420488.txt,Creus que les persones de la teva edat han d’anar a l’escola?,true
15420489,PRE_15420489.txt,Creus que les persones de la teva edat han d’anar a l’escola?,true
15420490,PRE_15420490.txt,Creus que les persones de la teva edat han d’anar a l’escola?,false
15510491,PRE_15510491.txt,Creus que les persones de la teva edat han d’anar a l’escola?,true
15510492,PRE_15510492.txt,Creus que les persones de la teva edat han d’anar a l’escola?,true
15510493,PRE_15510493.txt,Creus que les persones de la teva edat han d’anar a l’escola?,true
15510494,PRE_15510494.txt,Creus que les persones de la teva edat han d’anar a l’escola?,false
15510495,PRE_15510495.txt,Creus que les persones de la teva edat han d’anar a l’escola?,true
15510496,PRE_15510496.txt,Creus que les persones de la teva edat han d’anar a l’escola?,true
15510497,PRE_15510497.txt,Creus que les persones de la teva edat han d’anar a l’escola?,true
15510498,PRE_15510498.txt,Creus que les persones de la teva edat han d’anar a l’escola?,false
15510499,PRE_15510499.txt,Creus que les persones de la teva edat han d’anar a l’escola?,true
15510500,PRE_15510500.txt,Creus que les persones de la teva edat han d’anar a l’escola?,true
15510501,PRE_15510501.txt,Creus que les persones de la teva edat han d’anar a l’escola?,true
15510502,PRE_15510502.txt,Creus que les persones de la teva edat han d’anar a l’escola?,false
15510503,PRE_15510503.txt,Creus que les persones de la teva edat han d’anar a l’escola?,true
15510504,PRE_15510504.txt,Creus que les persones de la teva edat han d’anar a l’escola?,false
15510505,PRE_15510505.txt,Creus que les persones de la teva edat han d’anar a l’escola?,true
15510506,PRE_15510506.txt,Creus que les persones de la teva edat han d’anar a l’escola?,true
15510507,PRE_15510507.txt,Creus que les persones de la teva edat han d’anar a l’escola?,true
15510508,PRE_15510508.txt,Creus que les persones de la teva edat han d’anar a l’escola?,true
15510509,PRE_15510509.txt,Creus que les persones de la teva edat han d’anar a l’escola?,true
15510510,PRE_15510510.txt,Creus que les persones de la teva edat han d’anar a l’escola?,true
15510511,PRE_15510511.txt,Creus que les persones de la teva edat han d’anar a l’escola?,true
15510512,PRE_15510512.txt,Creus que les persones de la teva edat han d’anar a l’escola?,true
15510513,PRE_15510513.txt,Creus que les persones de la teva edat han d’anar a l’escola?,false
15510514,PRE_15510514.txt,Creus que les persones de la teva edat han d’anar a l’escola?,true
15510515,PRE_15510515.txt,Creus que les persones de la teva edat han d’anar a l’escola?,true
15510516,PRE_15510516.txt,Creus que les persones de la teva edat han d’anar a l’escola?,true
15510517,PRE_15510517.txt,Creus que les persones de la teva edat han d’anar a l’escola?,true
15520518,PRE_15520518.txt,Creus que les persones de la teva edat han d’anar a l’escola?,true
15520519,PRE_15520519.txt,Creus que les persones de la teva edat han d’anar a l’escola?,true
15520520,PRE_15520520.txt,Creus que les persones de la teva edat han d’anar a l’escola?,true
15520521,PRE_15520521.txt,Creus que les persones de la teva edat han d’anar a l’escola?,true
15520522,PRE_15520522.txt,Creus que les persones de la teva edat han d’anar a l’escola?,true
15520523,PRE_15520523.txt,Creus que les persones de la teva edat han d’anar a l’escola?,true
15520524,PRE_15520524.txt,Creus que les persones de la teva edat han d’anar a l’escola?,false
15520525,PRE_15520525.txt,Creus que les persones de la teva edat han d’anar a l’escola?,true
15520526,PRE_15520526.txt,Creus que les persones de la teva edat han d’anar a l’escola?,false
15520527,PRE_15520527.txt,Creus que les persones de la teva edat han d’anar a l’escola?,false
15520528,PRE_15520528.txt,Creus que les persones de la teva edat han d’anar a l’escola?,true
15520529,PRE_15520529.txt,Creus que les persones de la teva edat han d’anar a l’escola?,false
15520530,PRE_15520530.txt,Creus que les persones de la teva edat han d’anar a l’escola?,true
15520531,PRE_15520531.txt,Creus que les persones de la teva edat han d’anar a l’escola?,true
15520532,PRE_15520532.txt,Creus que les persones de la teva edat han d’anar a l’escola?,true
15520533,PRE_15520533.txt,Creus que les persones de la teva edat han d’anar a l’escola?,true
15520534,PRE_15520534.txt,Creus que les persones de la teva edat han d’anar a l’escola?,true
15520535,PRE_15520535.txt,Creus que les persones de la teva edat han d’anar a l’escola?,true
15520536,PRE_15520536.txt,Creus que les persones de la teva edat han d’anar a l’escola?,true
15520537,PRE_15520537.txt,Creus que les persones de la teva edat han d’anar a l’escola?,false
15520538,PRE_15520538.txt,Creus que les persones de la teva edat han d’anar a l’escola?,true
15520539,PRE_15520539.txt,Creus que les persones de la teva edat han d’anar a l’escola?,true
15520540,PRE_15520540.txt,Creus que les persones de la teva edat han d’anar a l’escola?,false
15520541,PRE_15520541.txt,Creus que les persones de la teva edat han d’anar a l’escola?,true
15520542,PRE_15520542.txt,Creus que les persones de la teva edat han d’anar a l’escola?,false
15520543,PRE_15520543.txt,Creus que les persones de la teva edat han d’anar a l’escola?,false
16410544,PRE_16410544.txt,Creus que les persones de la teva edat han de tenir mòbil?,true
16410545,PRE_16410545.txt,Creus que les persones de la teva edat han de tenir mòbil?,false
16410546,PRE_16410546.txt,Creus que les persones de la teva edat han de tenir mòbil?,true
16410547,PRE_16410547.txt,Creus que les persones de la teva edat han de tenir mòbil?,true
16410548,PRE_16410548.txt,Creus que les persones de la teva edat han de tenir mòbil?,true
16410549,PRE_16410549.txt,Creus que les persones de la teva edat han de tenir mòbil?,true
16410550,PRE_16410550.txt,Creus que les persones de la teva edat han de tenir mòbil?,true
16410551,PRE_16410551.txt,Creus que les persones de la teva edat han de tenir mòbil?,true
16410552,PRE_16410552.txt,Creus que les persones de la teva edat han de tenir mòbil?,true
16410553,PRE_16410553.txt,Creus que les persones de la teva edat han de tenir mòbil?,true
16410554,PRE_16410554.txt,Creus que les persones de la teva edat han de tenir mòbil?,true
16410555,PRE_16410555.txt,Creus que les persones de la teva edat han de tenir mòbil?,true
16410556,PRE_16410556.txt,Creus que les persones de la teva edat han de tenir mòbil?,true
16410557,PRE_16410557.txt,Creus que les persones de la teva edat han de tenir mòbil?,true
16410558,PRE_16410558.txt,Creus que les persones de la teva edat han de tenir mòbil?,true
16410559,PRE_16410559.txt,Creus que les persones de la teva edat han de tenir mòbil?,true
16410560,PRE_16410560.txt,Creus que les persones de la teva edat han de tenir mòbil?,true
16410561,PRE_16410561.txt,Creus que les persones de la teva edat han de tenir mòbil?,true
16410562,PRE_16410562.txt,Creus que les persones de la teva edat han de tenir mòbil?,true
16410563,PRE_16410563.txt,Creus que les persones de la teva edat han de tenir mòbil?,true
16420564,PRE_16420564.txt,Creus que les persones de la teva edat han de tenir mòbil?,true
16420565,PRE_16420565.txt,Creus que les persones de la teva edat han de tenir mòbil?,true
16420566,PRE_16420566.txt,Creus que les persones de la teva edat han de tenir mòbil?,true
16420567,PRE_16420567.txt,Creus que les persones de la teva edat han de tenir mòbil?,true
16420568,PRE_16420568.txt,Creus que les persones de la teva edat han de tenir mòbil?,true
16420569,PRE_16420569.txt,Creus que les persones de la teva edat han de tenir mòbil?,true
16420570,PRE_16420570.txt,Creus que les persones de la teva edat han de tenir mòbil?,false
16420571,PRE_16420571.txt,Creus que les persones de la teva edat han de tenir mòbil?,true
16420572,PRE_16420572.txt,Creus que les persones de la teva edat han de tenir mòbil?,true
16420573,PRE_16420573.txt,Creus que les persones de la teva edat han de tenir mòbil?,true
16420574,PRE_16420574.txt,Creus que les persones de la teva edat han de tenir mòbil?,true
16420575,PRE_16420575.txt,Creus que les persones de la teva edat han de tenir mòbil?,true
16420576,PRE_16420576.txt,Creus que les persones de la teva edat han de tenir mòbil?,true
16420577,PRE_16420577.txt,Creus que les persones de la teva edat han de tenir mòbil?,true
16420578,PRE_16420578.txt,Creus que les persones de la teva edat han de tenir mòbil?,true
16420579,PRE_16420579.txt,Creus que les persones de la teva edat han de tenir mòbil?,true
16420580,PRE_16420580.txt,Creus que les persones de la teva edat han de tenir mòbil?,true
16420581,PRE_16420581.txt,Creus que les persones de la teva edat han de tenir mòbil?,true
16420582,PRE_16420582.txt,Creus que les persones de la teva edat han de tenir mòbil?,true
16420583,PRE_16420583.txt,Creus que les persones de la teva edat han de tenir mòbil?,false
16510584,PRE_16510584.txt,Creus que les persones de la teva edat han de tenir mòbil?,true
16510585,PRE_16510585.txt,Creus que les persones de la teva edat han de tenir mòbil?,true
16510586,PRE_16510586.txt,Creus que les persones de la teva edat han de tenir mòbil?,true
16510587,PRE_16510587.txt,Creus que les persones de la teva edat han de tenir mòbil?,false
16510588,PRE_16510588.txt,Creus que les persones de la teva edat han de tenir mòbil?,true
16510589,PRE_16510589.txt,Creus que les persones de la teva edat han de tenir mòbil?,true
16510590,PRE_16510590.txt,Creus que les persones de la teva edat han de tenir mòbil?,true
16510591,PRE_16510591.txt,Creus que les persones de la teva edat han de tenir mòbil?,true
16510592,PRE_16510592.txt,Creus que les persones de la teva edat han de tenir mòbil?,true
16510593,PRE_16510593.txt,Creus que les persones de la teva edat han de tenir mòbil?,false
16510594,PRE_16510594.txt,Creus que les persones de la teva edat han de tenir mòbil?,true
16510595,PRE_16510595.txt,Creus que les persones de la teva edat han de tenir mòbil?,true
16510596,PRE_16510596.txt,Creus que les persones de la teva edat han de tenir mòbil?,true
16510597,PRE_16510597.txt,Creus que les persones de la teva edat han de tenir mòbil?,false
16510598,PRE_16510598.txt,Creus que les persones de la teva edat han de tenir mòbil?,true
16510599,PRE_16510599.txt,Creus que les persones de la teva edat han de tenir mòbil?,true
16510600,PRE_16510600.txt,Creus que les persones de la teva edat han de tenir mòbil?,true
16510601,PRE_16510601.txt,Creus que les persones de la teva edat han de tenir mòbil?,true
16510602,PRE_16510602.txt,Creus que les persones de la teva edat han de tenir mòbil?,false
16510603,PRE_16510603.txt,Creus que les persones de la teva edat han de tenir mòbil?,true
16520604,PRE_16520604.txt,Creus que les persones de la teva edat han de tenir mòbil?,true
16520605,PRE_16520605.txt,Creus que les persones de la teva edat han de tenir mòbil?,true
16520606,PRE_16520606.txt,Creus que les persones de la teva edat han de tenir mòbil?,true
16520607,PRE_16520607.txt,Creus que les persones de la teva edat han de tenir mòbil?,true
16520608,PRE_16520608.txt,Creus que les persones de la teva edat han de tenir mòbil?,true
16520609,PRE_16520609.txt,Creus que les persones de la teva edat han de tenir mòbil?,true
16520610,PRE_16520610.txt,Creus que les persones de la teva edat han de tenir mòbil?,true
16520611,PRE_16520611.txt,Creus que les persones de la teva edat han de tenir mòbil?,true
16520612,PRE_16520612.txt,Creus que les persones de la teva edat han de tenir mòbil?,true
16520613,PRE_16520613.txt,Creus que les persones de la teva edat han de tenir mòbil?,true
16520614,PRE_16520614.txt,Creus que les persones de la teva edat han de tenir mòbil?,true
16520615,PRE_16520615.txt,Creus que les persones de la teva edat han de tenir mòbil?,true
16520616,PRE_16520616.txt,Creus que les persones de la teva edat han de tenir mòbil?,true
16520617,PRE_16520617.txt,Creus que les persones de la teva edat han de tenir mòbil?,true
16520618,PRE_16520618.txt,Creus que les persones de la teva edat han de tenir mòbil?,true
16520619,PRE_16520619.txt,Creus que les persones de la teva edat han de tenir mòbil?,true
16520620,PRE_16520620.txt,Creus que les persones de la teva edat han de tenir mòbil?,true
16520621,PRE_16520621.txt,Creus que les persones de la teva edat han de tenir mòbil?,true
16520622,PRE_16520622.txt,Creus que les persones de la teva edat han de tenir mòbil?,true
16520623,PRE_16520623.txt,Creus que les persones de la teva edat han de tenir mòbil?,true
18410624,PRE_18410624.txt,"Creus que a l’escola es necessita temps de pati, el temps d’esbarjo?",true
18410625,PRE_18410625.txt,"Creus que a l’escola es necessita temps de pati, el temps d’esbarjo?",true
18410626,PRE_18410626.txt,"Creus que a l’escola es necessita temps de pati, el temps d’esbarjo?",false
18410627,PRE_18410627.txt,"Creus que a l’escola es necessita temps de pati, el temps d’esbarjo?",true
18410628,PRE_18410628.txt,"Creus que a l’escola es necessita temps de pati, el temps d’esbarjo?",true
18410629,PRE_18410629.txt,"Creus que a l’escola es necessita temps de pati, el temps d’esbarjo?",false
18410630,PRE_18410630.txt,"Creus que a l’escola es necessita temps de pati, el temps d’esbarjo?",false
18410631,PRE_18410631.txt,"Creus que a l’escola es necessita temps de pati, el temps d’esbarjo?",true
18410632,PRE_18410632.txt,"Creus que a l’escola es necessita temps de pati, el temps d’esbarjo?",true
18410633,PRE_18410633.txt,"Creus que a l’escola es necessita temps de pati, el temps d’esbarjo?",true
18410634,PRE_18410634.txt,"Creus que a l’escola es necessita temps de pati, el temps d’esbarjo?",true
18410635,PRE_18410635.txt,"Creus que a l’escola es necessita temps de pati, el temps d’esbarjo?",true
18410636,PRE_18410636.txt,"Creus que a l’escola es necessita temps de pati, el temps d’esbarjo?",true
18410637,PRE_18410637.txt,"Creus que a l’escola es necessita temps de pati, el temps d’esbarjo?",true
18410638,PRE_18410638.txt,"Creus que a l’escola es necessita temps de pati, el temps d’esbarjo?",true
18410639,PRE_18410639.txt,"Creus que a l’escola es necessita temps de pati, el temps d’esbarjo?",true
18410640,PRE_18410640.txt,"Creus que a l’escola es necessita temps de pati, el temps d’esbarjo?",true
18410641,PRE_18410641.txt,"Creus que a l’escola es necessita temps de pati, el temps d’esbarjo?",true
18410642,PRE_18410642.txt,"Creus que a l’escola es necessita temps de pati, el temps d’esbarjo?",true
18410643,PRE_18410643.txt,"Creus que a l’escola es necessita temps de pati, el temps d’esbarjo?",true
18410644,PRE_18410644.txt,"Creus que a l’escola es necessita temps de pati, el temps d’esbarjo?",true
18420645,PRE_18420645.txt,"Creus que a l’escola es necessita temps de pati, el temps d’esbarjo?",true
18420646,PRE_18420646.txt,"Creus que a l’escola es necessita temps de pati, el temps d’esbarjo?",true
18420647,PRE_18420647.txt,"Creus que a l’escola es necessita temps de pati, el temps d’esbarjo?",true
18420648,PRE_18420648.txt,"Creus que a l’escola es necessita temps de pati, el temps d’esbarjo?",true
18420649,PRE_18420649.txt,"Creus que a l’escola es necessita temps de pati, el temps d’esbarjo?",true
18420650,PRE_18420650.txt,"Creus que a l’escola es necessita temps de pati, el temps d’esbarjo?",true
18420651,PRE_18420651.txt,"Creus que a l’escola es necessita temps de pati, el temps d’esbarjo?",true
18420652,PRE_18420652.txt,"Creus que a l’escola es necessita temps de pati, el temps d’esbarjo?",true
18420653,PRE_18420653.txt,"Creus que a l’escola es necessita temps de pati, el temps d’esbarjo?",false
18420654,PRE_18420654.txt,"Creus que a l’escola es necessita temps de pati, el temps d’esbarjo?",true
18420655,PRE_18420655.txt,"Creus que a l’escola es necessita temps de pati, el temps d’esbarjo?",true
18420656,PRE_18420656.txt,"Creus que a l’escola es necessita temps de pati, el temps d’esbarjo?",true
18420657,PRE_18420657.txt,"Creus que a l’escola es necessita temps de pati, el temps d’esbarjo?",true
18420658,PRE_18420658.txt,"Creus que a l’escola es necessita temps de pati, el temps d’esbarjo?",true
18420659,PRE_18420659.txt,"Creus que a l’escola es necessita temps de pati, el temps d’esbarjo?",true
18420660,PRE_18420660.txt,"Creus que a l’escola es necessita temps de pati, el temps d’esbarjo?",true
18420661,PRE_18420661.txt,"Creus que a l’escola es necessita temps de pati, el temps d’esbarjo?",true
18420662,PRE_18420662.txt,"Creus que a l’escola es necessita temps de pati, el temps d’esbarjo?",true
18420663,PRE_18420663.txt,"Creus que a l’escola es necessita temps de pati, el temps d’esbarjo?",true
18420664,PRE_18420664.txt,"Creus que a l’escola es necessita temps de pati, el temps d’esbarjo?",true
18420665,PRE_18420665.txt,"Creus que a l’escola es necessita temps de pati, el temps d’esbarjo?",false
18420666,PRE_18420666.txt,"Creus que a l’escola es necessita temps de pati, el temps d’esbarjo?",true
18420667,PRE_18420667.txt,"Creus que a l’escola es necessita temps de pati, el temps d’esbarjo?",true
18510668,PRE_18510668.txt,"Creus que a l’escola es necessita temps de pati, el temps d’esbarjo?",true
18510669,PRE_18510669.txt,"Creus que a l’escola es necessita temps de pati, el temps d’esbarjo?",true
18510670,PRE_18510670.txt,"Creus que a l’escola es necessita temps de pati, el temps d’esbarjo?",true
18510671,PRE_18510671.txt,"Creus que a l’escola es necessita temps de pati, el temps d’esbarjo?",false
18510672,PRE_18510672.txt,"Creus que a l’escola es necessita temps de pati, el temps d’esbarjo?",true
18510673,PRE_18510673.txt,"Creus que a l’escola es necessita temps de pati, el temps d’esbarjo?",true
18510674,PRE_18510674.txt,"Creus que a l’escola es necessita temps de pati, el temps d’esbarjo?",true
18510675,PRE_18510675.txt,"Creus que a l’escola es necessita temps de pati, el temps d’esbarjo?",true
18510676,PRE_18510676.txt,"Creus que a l’escola es necessita temps de pati, el temps d’esbarjo?",true
18510677,PRE_18510677.txt,"Creus que a l’escola es necessita temps de pati, el temps d’esbarjo?",true
18510678,PRE_18510678.txt,"Creus que a l’escola es necessita temps de pati, el temps d’esbarjo?",true
18510679,PRE_18510679.txt,"Creus que a l’escola es necessita temps de pati, el temps d’esbarjo?",true
18510680,PRE_18510680.txt,"Creus que a l’escola es necessita temps de pati, el temps d’esbarjo?",true
18510681,PRE_18510681.txt,"Creus que a l’escola es necessita temps de pati, el temps d’esbarjo?",true
18510682,PRE_18510682.txt,"Creus que a l’escola es necessita temps de pati, el temps d’esbarjo?",true
18510683,PRE_18510683.txt,"Creus que a l’escola es necessita temps de pati, el temps d’esbarjo?",true
18510684,PRE_18510684.txt,"Creus que a l’escola es necessita temps de pati, el temps d’esbarjo?",true
18510685,PRE_18510685.txt,"Creus que a l’escola es necessita temps de pati, el temps d’esbarjo?",true
18510686,PRE_18510686.txt,"Creus que a l’escola es necessita temps de pati, el temps d’esbarjo?",true
18510687,PRE_18510687.txt,"Creus que a l’escola es necessita temps de pati, el temps d’esbarjo?",true
18510688,PRE_18510688.txt,"Creus que a l’escola es necessita temps de pati, el temps d’esbarjo?",true
18510689,PRE_18510689.txt,"Creus que a l’escola es necessita temps de pati, el temps d’esbarjo?",true
18510690,PRE_18510690.txt,"Creus que a l’escola es necessita temps de pati, el temps d’esbarjo?",true
18520691,PRE_18520691.txt,"Creus que a l’escola es necessita temps de pati, el temps d’esbarjo?",true
18520692,PRE_18520692.txt,"Creus que a l’escola es necessita temps de pati, el temps d’esbarjo?",false
18520693,PRE_18520693.txt,"Creus que a l’escola es necessita temps de pati, el temps d’esbarjo?",true
18520694,PRE_18520694.txt,"Creus que a l’escola es necessita temps de pati, el temps d’esbarjo?",true
18520695,PRE_18520695.txt,"Creus que a l’escola es necessita temps de pati, el temps d’esbarjo?",true
18520696,PRE_18520696.txt,"Creus que a l’escola es necessita temps de pati, el temps d’esbarjo?",true
18520697,PRE_18520697.txt,"Creus que a l’escola es necessita temps de pati, el temps d’esbarjo?",true
18520698,PRE_18520698.txt,"Creus que a l’escola es necessita temps de pati, el temps d’esbarjo?",true
18520699,PRE_18520699.txt,"Creus que a l’escola es necessita temps de pati, el temps d’esbarjo?",true
18520700,PRE_18520700.txt,"Creus que a l’escola es necessita temps de pati, el temps d’esbarjo?",true
18520701,PRE_18520701.txt,"Creus que a l’escola es necessita temps de pati, el temps d’esbarjo?",true
18520702,PRE_18520702.txt,"Creus que a l’escola es necessita temps de pati, el temps d’esbarjo?",true
18520703,PRE_18520703.txt,"Creus que a l’escola es necessita temps de pati, el temps d’esbarjo?",true
18520704,PRE_18520704.txt,"Creus que a l’escola es necessita temps de pati, el temps d’esbarjo?",true
18520705,PRE_18520705.txt,"Creus que a l’escola es necessita temps de pati, el temps d’esbarjo?",true
18520706,PRE_18520706.txt,"Creus que a l’escola es necessita temps de pati, el temps d’esbarjo?",true
18520707,PRE_18520707.txt,"Creus que a l’escola es necessita temps de pati, el temps d’esbarjo?",false
18520708,PRE_18520708.txt,"Creus que a l’escola es necessita temps de pati, el temps d’esbarjo?",true
18520709,PRE_18520709.txt,"Creus que a l’escola es necessita temps de pati, el temps d’esbarjo?",false
18520710,PRE_18520710.txt,"Creus que a l’escola es necessita temps de pati, el temps d’esbarjo?",true
18520711,PRE_18520711.txt,"Creus que a l’escola es necessita temps de pati, el temps d’esbarjo?",true
18520712,PRE_18520712.txt,"Creus que a l’escola es necessita temps de pati, el temps d’esbarjo?",true
18520713,PRE_18520713.txt,"Creus que a l’escola es necessita temps de pati, el temps d’esbarjo?",true
19410714,PRE_19410714.txt,Creus que les persones de la teva edat han d’anar a l’escola?,true
19410715,PRE_19410715.txt,Creus que les persones de la teva edat han d’anar a l’escola?,true
19410716,PRE_19410716.txt,Creus que les persones de la teva edat han d’anar a l’escola?,true
19410717,PRE_19410717.txt,Creus que les persones de la teva edat han d’anar a l’escola?,true
19410718,PRE_19410718.txt,Creus que les persones de la teva edat han d’anar a l’escola?,true
19410719,PRE_19410719.txt,Creus que les persones de la teva edat han d’anar a l’escola?,true
19410720,PRE_19410720.txt,Creus que les persones de la teva edat han d’anar a l’escola?,false
19410721,PRE_19410721.txt,Creus que les persones de la teva edat han d’anar a l’escola?,true
19410722,PRE_19410722.txt,Creus que les persones de la teva edat han d’anar a l’escola?,true
19410723,PRE_19410723.txt,Creus que les persones de la teva edat han d’anar a l’escola?,true
19410724,PRE_19410724.txt,Creus que les persones de la teva edat han d’anar a l’escola?,true
19410725,PRE_19410725.txt,Creus que les persones de la teva edat han d’anar a l’escola?,true
19410726,PRE_19410726.txt,Creus que les persones de la teva edat han d’anar a l’escola?,true
19410727,PRE_19410727.txt,Creus que les persones de la teva edat han d’anar a l’escola?,true
19410728,PRE_19410728.txt,Creus que les persones de la teva edat han d’anar a l’escola?,true
19410729,PRE_19410729.txt,Creus que les persones de la teva edat han d’anar a l’escola?,true
19410730,PRE_19410730.txt,Creus que les persones de la teva edat han d’anar a l’escola?,false
19410731,PRE_19410731.txt,Creus que les persones de la teva edat han d’anar a l’escola?,false
19410732,PRE_19410732.txt,Creus que les persones de la teva edat han d’anar a l’escola?,true
19410733,PRE_19410733.txt,Creus que les persones de la teva edat han d’anar a l’escola?,true
19410734,PRE_19410734.txt,Creus que les persones de la teva edat han d’anar a l’escola?,true
19410735,PRE_19410735.txt,Creus que les persones de la teva edat han d’anar a l’escola?,false
19420736,PRE_19420736.txt,Creus que les persones de la teva edat han d’anar a l’escola?,true
19420737,PRE_19420737.txt,Creus que les persones de la teva edat han d’anar a l’escola?,true
19420738,PRE_19420738.txt,Creus que les persones de la teva edat han d’anar a l’escola?,false
19420739,PRE_19420739.txt,Creus que les persones de la teva edat han d’anar a l’escola?,true
19420740,PRE_19420740.txt,Creus que les persones de la teva edat han d’anar a l’escola?,true
19420741,PRE_19420741.txt,Creus que les persones de la teva edat han d’anar a l’escola?,true
19420742,PRE_19420742.txt,Creus que les persones de la teva edat han d’anar a l’escola?,true
19420743,PRE_19420743.txt,Creus que les persones de la teva edat han d’anar a l’escola?,false
19420744,PRE_19420744.txt,Creus que les persones de la teva edat han d’anar a l’escola?,true
19420745,PRE_19420745.txt,Creus que les persones de la teva edat han d’anar a l’escola?,true
19420746,PRE_19420746.txt,Creus que les persones de la teva edat han d’anar a l’escola?,true
19420747,PRE_19420747.txt,Creus que les persones de la teva edat han d’anar a l’escola?,true
19420748,PRE_19420748.txt,Creus que les persones de la teva edat han d’anar a l’escola?,true
19420749,PRE_19420749.txt,Creus que les persones de la teva edat han d’anar a l’escola?,true
19420750,PRE_19420750.txt,Creus que les persones de la teva edat han d’anar a l’escola?,true
19420751,PRE_19420751.txt,Creus que les persones de la teva edat han d’anar a l’escola?,true
19420752,PRE_19420752.txt,Creus que les persones de la teva edat han d’anar a l’escola?,true
19420753,PRE_19420753.txt,Creus que les persones de la teva edat han d’anar a l’escola?,true
19420754,PRE_19420754.txt,Creus que les persones de la teva edat han d’anar a l’escola?,true
19420755,PRE_19420755.txt,Creus que les persones de la teva edat han d’anar a l’escola?,true
19420756,PRE_19420756.txt,Creus que les persones de la teva edat han d’anar a l’escola?,true
19420757,PRE_19420757.txt,Creus que les persones de la teva edat han d’anar a l’escola?,true
19420758,PRE_19420758.txt,Creus que les persones de la teva edat han d’anar a l’escola?,true
19510759,PRE_19510759.txt,Creus que les persones de la teva edat han d’anar a l’escola?,true
19510760,PRE_19510760.txt,Creus que les persones de la teva edat han d’anar a l’escola?,true
19510761,PRE_19510761.txt,Creus que les persones de la teva edat han d’anar a l’escola?,true
19510762,PRE_19510762.txt,Creus que les persones de la teva edat han d’anar a l’escola?,true
19510763,PRE_19510763.txt,Creus que les persones de la teva edat han d’anar a l’escola?,true
19510764,PRE_19510764.txt,Creus que les persones de la teva edat han d’anar a l’escola?,true
19510765,PRE_19510765.txt,Creus que les persones de la teva edat han d’anar a l’escola?,true
19510766,PRE_19510766.txt,Creus que les persones de la teva edat han d’anar a l’escola?,true
19510767,PRE_19510767.txt,Creus que les persones de la teva edat han d’anar a l’escola?,true
19510768,PRE_19510768.txt,Creus que les persones de la teva edat han d’anar a l’escola?,true
19510769,PRE_19510769.txt,Creus que les persones de la teva edat han d’anar a l’escola?,true
19510770,PRE_19510770.txt,Creus que les persones de la teva edat han d’anar a l’escola?,true
19510771,PRE_19510771.txt,Creus que les persones de la teva edat han d’anar a l’escola?,true
19510772,PRE_19510772.txt,Creus que les persones de la teva edat han d’anar a l’escola?,false
19510773,PRE_19510773.txt,Creus que les persones de la teva edat han d’anar a l’escola?,true
19510774,PRE_19510774.txt,Creus que les persones de la teva edat han d’anar a l’escola?,false
19510775,PRE_19510775.txt,Creus que les persones de la teva edat han d’anar a l’escola?,true
19510776,PRE_19510776.txt,Creus que les persones de la teva edat han d’anar a l’escola?,true
19510777,PRE_19510777.txt,Creus que les persones de la teva edat han d’anar a l’escola?,true
19510778,PRE_19510778.txt,Creus que les persones de la teva edat han d’anar a l’escola?,true
19510779,PRE_19510779.txt,Creus que les persones de la teva edat han d’anar a l’escola?,true
19510780,PRE_19510780.txt,Creus que les persones de la teva edat han d’anar a l’escola?,true
19510781,PRE_19510781.txt,Creus que les persones de la teva edat han d’anar a l’escola?,true
19510782,PRE_19510782.txt,Creus que les persones de la teva edat han d’anar a l’escola?,false
19520783,PRE_19520783.txt,Creus que les persones de la teva edat han d’anar a l’escola?,true
19520784,PRE_19520784.txt,Creus que les persones de la teva edat han d’anar a l’escola?,true
19520785,PRE_19520785.txt,Creus que les persones de la teva edat han d’anar a l’escola?,true
19520786,PRE_19520786.txt,Creus que les persones de la teva edat han d’anar a l’escola?,true
19520787,PRE_19520787.txt,Creus que les persones de la teva edat han d’anar a l’escola?,false
19520788,PRE_19520788.txt,Creus que les persones de la teva edat han d’anar a l’escola?,true
19520789,PRE_19520789.txt,Creus que les persones de la teva edat han d’anar a l’escola?,true
19520790,PRE_19520790.txt,Creus que les persones de la teva edat han d’anar a l’escola?,false
19520791,PRE_19520791.txt,Creus que les persones de la teva edat han d’anar a l’escola?,true
19520792,PRE_19520792.txt,Creus que les persones de la teva edat han d’anar a l’escola?,true
19520793,PRE_19520793.txt,Creus que les persones de la teva edat han d’anar a l’escola?,false
19520794,PRE_19520794.txt,Creus que les persones de la teva edat han d’anar a l’escola?,true
19520795,PRE_19520795.txt,Creus que les persones de la teva edat han d’anar a l’escola?,true
19520796,PRE_19520796.txt,Creus que les persones de la teva edat han d’anar a l’escola?,false
19520797,PRE_19520797.txt,Creus que les persones de la teva edat han d’anar a l’escola?,true
19520798,PRE_19520798.txt,Creus que les persones de la teva edat han d’anar a l’escola?,true
19520799,PRE_19520799.txt,Creus que les persones de la teva edat han d’anar a l’escola?,true
19520800,PRE_19520800.txt,Creus que les persones de la teva edat han d’anar a l’escola?,true
19520801,PRE_19520801.txt,Creus que les persones de la teva edat han d’anar a l’escola?,true
19520802,PRE_19520802.txt,Creus que les persones de la teva edat han d’anar a l’escola?,true
19520803,PRE_19520803.txt,Creus que les persones de la teva edat han d’anar a l’escola?,true
19520804,PRE_19520804.txt,Creus que les persones de la teva edat han d’anar a l’escola?,true
19520805,PRE_19520805.txt,Creus que les persones de la teva edat han d’anar a l’escola?,true
20410906,PRE_20410906.txt,Creus que les persones de la teva edat han de tenir mòbil?,false
20410907,PRE_20410907.txt,Creus que les persones de la teva edat han de tenir mòbil?,false
20410908,PRE_20410908.txt,Creus que les persones de la teva edat han de tenir mòbil?,true
20410909,PRE_20410909.txt,Creus que les persones de la teva edat han de tenir mòbil?,true
20410910,PRE_20410910.txt,Creus que les persones de la teva edat han de tenir mòbil?,true
20410911,PRE_20410911.txt,Creus que les persones de la teva edat han de tenir mòbil?,true
20410912,PRE_20410912.txt,Creus que les persones de la teva edat han de tenir mòbil?,true
20410913,PRE_20410913.txt,Creus que les persones de la teva edat han de tenir mòbil?,true
20410914,PRE_20410914.txt,Creus que les persones de la teva edat han de tenir mòbil?,true
20410915,PRE_20410915.txt,Creus que les persones de la teva edat han de tenir mòbil?,false
20410916,PRE_20410916.txt,Creus que les persones de la teva edat han de tenir mòbil?,true
20410917,PRE_20410917.txt,Creus que les persones de la teva edat han de tenir mòbil?,true
20410918,PRE_20410918.txt,Creus que les persones de la teva edat han de tenir mòbil?,true
20410919,PRE_20410919.txt,Creus que les persones de la teva edat han de tenir mòbil?,true
20410920,PRE_20410920.txt,Creus que les persones de la teva edat han de tenir mòbil?,true
20410921,PRE_20410921.txt,Creus que les persones de la teva edat han de tenir mòbil?,false
20410922,PRE_20410922.txt,Creus que les persones de la teva edat han de tenir mòbil?,true
20410923,PRE_20410923.txt,Creus que les persones de la teva edat han de tenir mòbil?,true
20420924,PRE_20420924.txt,Creus que les persones de la teva edat han de tenir mòbil?,true
20420925,PRE_20420925.txt,Creus que les persones de la teva edat han de tenir mòbil?,false
20420926,PRE_20420926.txt,Creus que les persones de la teva edat han de tenir mòbil?,true
20420927,PRE_20420927.txt,Creus que les persones de la teva edat han de tenir mòbil?,false
20420928,PRE_20420928.txt,Creus que les persones de la teva edat han de tenir mòbil?,true
20420929,PRE_20420929.txt,Creus que les persones de la teva edat han de tenir mòbil?,true
20420930,PRE_20420930.txt,Creus que les persones de la teva edat han de tenir mòbil?,true
20420931,PRE_20420931.txt,Creus que les persones de la teva edat han de tenir mòbil?,true
20420932,PRE_20420932.txt,Creus que les persones de la teva edat han de tenir mòbil?,true
20420933,PRE_20420933.txt,Creus que les persones de la teva edat han de tenir mòbil?,true
20420934,PRE_20420934.txt,Creus que les persones de la teva edat han de tenir mòbil?,true
20420935,PRE_20420935.txt,Creus que les persones de la teva edat han de tenir mòbil?,true
20420936,PRE_20420936.txt,Creus que les persones de la teva edat han de tenir mòbil?,true
20420937,PRE_20420937.txt,Creus que les persones de la teva edat han de tenir mòbil?,true
20420938,PRE_20420938.txt,Creus que les persones de la teva edat han de tenir mòbil?,true
20420939,PRE_20420939.txt,Creus que les persones de la teva edat han de tenir mòbil?,true
20420940,PRE_20420940.txt,Creus que les persones de la teva edat han de tenir mòbil?,true
20420941,PRE_20420941.txt,Creus que les persones de la teva edat han de tenir mòbil?,true
20510942,PRE_20510942.txt,Creus que les persones de la teva edat han de tenir mòbil?,true
20510943,PRE_20510943.txt,Creus que les persones de la teva edat han de tenir mòbil?,false
20510944,PRE_20510944.txt,Creus que les persones de la teva edat han de tenir mòbil?,false
20510945,PRE_20510945.txt,Creus que les persones de la teva edat han de tenir mòbil?,true
20510946,PRE_20510946.txt,Creus que les persones de la teva edat han de tenir mòbil?,true
20510947,PRE_20510947.txt,Creus que les persones de la teva edat han de tenir mòbil?,false
20510948,PRE_20510948.txt,Creus que les persones de la teva edat han de tenir mòbil?,true
20510949,PRE_20510949.txt,Creus que les persones de la teva edat han de tenir mòbil?,true
20510950,PRE_20510950.txt,Creus que les persones de la teva edat han de tenir mòbil?,false
20510951,PRE_20510951.txt,Creus que les persones de la teva edat han de tenir mòbil?,false
20510952,PRE_20510952.txt,Creus que les persones de la teva edat han de tenir mòbil?,true
20510953,PRE_20510953.txt,Creus que les persones de la teva edat han de tenir mòbil?,true
20510954,PRE_20510954.txt,Creus que les persones de la teva edat han de tenir mòbil?,true
20510955,PRE_20510955.txt,Creus que les persones de la teva edat han de tenir mòbil?,true
20510956,PRE_20510956.txt,Creus que les persones de la teva edat han de tenir mòbil?,true
20510957,PRE_20510957.txt,Creus que les persones de la teva edat han de tenir mòbil?,false
20510958,PRE_20510958.txt,Creus que les persones de la teva edat han de tenir mòbil?,true
20510959,PRE_20510959.txt,Creus que les persones de la teva edat han de tenir mòbil?,false
20510960,PRE_20510960.txt,Creus que les persones de la teva edat han de tenir mòbil?,true
20510961,PRE_20510961.txt,Creus que les persones de la teva edat han de tenir mòbil?,false
20510962,PRE_20510962.txt,Creus que les persones de la teva edat han de tenir mòbil?,true
20520963,PRE_20520963.txt,Creus que les persones de la teva edat han de tenir mòbil?,false
20520964,PRE_20520964.txt,Creus que les persones de la teva edat han de tenir mòbil?,true
20520965,PRE_20520965.txt,Creus que les persones de la teva edat han de tenir mòbil?,false
20520966,PRE_20520966.txt,Creus que les persones de la teva edat han de tenir mòbil?,true
20520967,PRE_20520967.txt,Creus que les persones de la teva edat han de tenir mòbil?,false
20520968,PRE_20520968.txt,Creus que les persones de la teva edat han de tenir mòbil?,false
20520969,PRE_20520969.txt,Creus que les persones de la teva edat han de tenir mòbil?,false
20520970,PRE_20520970.txt,Creus que les persones de la teva edat han de tenir mòbil?,true
20520971,PRE_20520971.txt,Creus que les persones de la teva edat han de tenir mòbil?,true
20520972,PRE_20520972.txt,Creus que les persones de la teva edat han de tenir mòbil?,true
20520973,PRE_20520973.txt,Creus que les persones de la teva edat han de tenir mòbil?,true
20520974,PRE_20520974.txt,Creus que les persones de la teva edat han de tenir mòbil?,false
20520975,PRE_20520975.txt,Creus que les persones de la teva edat han de tenir mòbil?,true
20520976,PRE_20520976.txt,Creus que les persones de la teva edat han de tenir mòbil?,true
20520977,PRE_20520977.txt,Creus que les persones de la teva edat han de tenir mòbil?,true
20520978,PRE_20520978.txt,Creus que les persones de la teva edat han de tenir mòbil?,true
20520979,PRE_20520979.txt,Creus que les persones de la teva edat han de tenir mòbil?,false
20520980,PRE_20520980.txt,Creus que les persones de la teva edat han de tenir mòbil?,true
20520981,PRE_20520981.txt,Creus que les persones de la teva edat han de tenir mòbil?,true
20520982,PRE_20520982.txt,Creus que les persones de la teva edat han de tenir mòbil?,true
20520983,PRE_20520983.txt,Creus que les persones de la teva edat han de tenir mòbil?,true
21410806,PRE_21410806.txt,"Creus que a l’escola es necessita temps de pati, el temps d’esbarjo?",true
21410807,PRE_21410807.txt,"Creus que a l’escola es necessita temps de pati, el temps d’esbarjo?",true
21410808,PRE_21410808.txt,"Creus que a l’escola es necessita temps de pati, el temps d’esbarjo?",true
21410809,PRE_21410809.txt,"Creus que a l’escola es necessita temps de pati, el temps d’esbarjo?",true
21410810,PRE_21410810.txt,"Creus que a l’escola es necessita temps de pati, el temps d’esbarjo?",true
21410811,PRE_21410811.txt,"Creus que a l’escola es necessita temps de pati, el temps d’esbarjo?",false
21410812,PRE_21410812.txt,"Creus que a l’escola es necessita temps de pati, el temps d’esbarjo?",true
21410813,PRE_21410813.txt,"Creus que a l’escola es necessita temps de pati, el temps d’esbarjo?",false
21410814,PRE_21410814.txt,"Creus que a l’escola es necessita temps de pati, el temps d’esbarjo?",false
21410815,PRE_21410815.txt,"Creus que a l’escola es necessita temps de pati, el temps d’esbarjo?",true
21410816,PRE_21410816.txt,"Creus que a l’escola es necessita temps de pati, el temps d’esbarjo?",false
21410817,PRE_21410817.txt,"Creus que a l’escola es necessita temps de pati, el temps d’esbarjo?",false
21410818,PRE_21410818.txt,"Creus que a l’escola es necessita temps de pati, el temps d’esbarjo?",false
21410819,PRE_21410819.txt,"Creus que a l’escola es necessita temps de pati, el temps d’esbarjo?",true
21410820,PRE_21410820.txt,"Creus que a l’escola es necessita temps de pati, el temps d’esbarjo?",true
21410821,PRE_21410821.txt,"Creus que a l’escola es necessita temps de pati, el temps d’esbarjo?",false
21410822,PRE_21410822.txt,"Creus que a l’escola es necessita temps de pati, el temps d’esbarjo?",true
21410823,PRE_21410823.txt,"Creus que a l’escola es necessita temps de pati, el temps d’esbarjo?",true
21410824,PRE_21410824.txt,"Creus que a l’escola es necessita temps de pati, el temps d’esbarjo?",true
21410825,PRE_21410825.txt,"Creus que a l’escola es necessita temps de pati, el temps d’esbarjo?",false
21410826,PRE_21410826.txt,"Creus que a l’escola es necessita temps de pati, el temps d’esbarjo?",true
21410827,PRE_21410827.txt,"Creus que a l’escola es necessita temps de pati, el temps d’esbarjo?",true
21410828,PRE_21410828.txt,"Creus que a l’escola es necessita temps de pati, el temps d’esbarjo?",true
21410829,PRE_21410829.txt,"Creus que a l’escola es necessita temps de pati, el temps d’esbarjo?",true
21410830,PRE_21410830.txt,"Creus que a l’escola es necessita temps de pati, el temps d’esbarjo?",true
21410831,PRE_21410831.txt,"Creus que a l’escola es necessita temps de pati, el temps d’esbarjo?",true
21420832,PRE_21420832.txt,"Creus que a l’escola es necessita temps de pati, el temps d’esbarjo?",true
21420833,PRE_21420833.txt,"Creus que a l’escola es necessita temps de pati, el temps d’esbarjo?",false
21420834,PRE_21420834.txt,"Creus que a l’escola es necessita temps de pati, el temps d’esbarjo?",true
21420835,PRE_21420835.txt,"Creus que a l’escola es necessita temps de pati, el temps d’esbarjo?",true
21420836,PRE_21420836.txt,"Creus que a l’escola es necessita temps de pati, el temps d’esbarjo?",true
21420837,PRE_21420837.txt,"Creus que a l’escola es necessita temps de pati, el temps d’esbarjo?",false
21420838,PRE_21420838.txt,"Creus que a l’escola es necessita temps de pati, el temps d’esbarjo?",false
21420839,PRE_21420839.txt,"Creus que a l’escola es necessita temps de pati, el temps d’esbarjo?",false
21420840,PRE_21420840.txt,"Creus que a l’escola es necessita temps de pati, el temps d’esbarjo?",true
21420841,PRE_21420841.txt,"Creus que a l’escola es necessita temps de pati, el temps d’esbarjo?",false
21420842,PRE_21420842.txt,"Creus que a l’escola es necessita temps de pati, el temps d’esbarjo?",false
21420843,PRE_21420843.txt,"Creus que a l’escola es necessita temps de pati, el temps d’esbarjo?",true
21420844,PRE_21420844.txt,"Creus que a l’escola es necessita temps de pati, el temps d’esbarjo?",true
21420845,PRE_21420845.txt,"Creus que a l’escola es necessita temps de pati, el temps d’esbarjo?",true
21420846,PRE_21420846.txt,"Creus que a l’escola es necessita temps de pati, el temps d’esbarjo?",false
21420847,PRE_21420847.txt,"Creus que a l’escola es necessita temps de pati, el temps d’esbarjo?",false
21420848,PRE_21420848.txt,"Creus que a l’escola es necessita temps de pati, el temps d’esbarjo?",false
21420849,PRE_21420849.txt,"Creus que a l’escola es necessita temps de pati, el temps d’esbarjo?",true
21420850,PRE_21420850.txt,"Creus que a l’escola es necessita temps de pati, el temps d’esbarjo?",true
21420851,PRE_21420851.txt,"Creus que a l’escola es necessita temps de pati, el temps d’esbarjo?",true
21420852,PRE_21420852.txt,"Creus que a l’escola es necessita temps de pati, el temps d’esbarjo?",true
21420853,PRE_21420853.txt,"Creus que a l’escola es necessita temps de pati, el temps d’esbarjo?",false
21420854,PRE_21420854.txt,"Creus que a l’escola es necessita temps de pati, el temps d’esbarjo?",false
21420855,PRE_21420855.txt,"Creus que a l’escola es necessita temps de pati, el temps d’esbarjo?",false
21510856,PRE_21510856.txt,"Creus que a l’escola es necessita temps de pati, el temps d’esbarjo?",false
21510857,PRE_21510857.txt,"Creus que a l’escola es necessita temps de pati, el temps d’esbarjo?",true
21510858,PRE_21510858.txt,"Creus que a l’escola es necessita temps de pati, el temps d’esbarjo?",true
21510859,PRE_21510859.txt,"Creus que a l’escola es necessita temps de pati, el temps d’esbarjo?",true
21510860,PRE_21510860.txt,"Creus que a l’escola es necessita temps de pati, el temps d’esbarjo?",false
21510861,PRE_21510861.txt,"Creus que a l’escola es necessita temps de pati, el temps d’esbarjo?",false
21510862,PRE_21510862.txt,"Creus que a l’escola es necessita temps de pati, el temps d’esbarjo?",false
21510863,PRE_21510863.txt,"Creus que a l’escola es necessita temps de pati, el temps d’esbarjo?",true
21510864,PRE_21510864.txt,"Creus que a l’escola es necessita temps de pati, el temps d’esbarjo?",false
21510865,PRE_21510865.txt,"Creus que a l’escola es necessita temps de pati, el temps d’esbarjo?",false
21510866,PRE_21510866.txt,"Creus que a l’escola es necessita temps de pati, el temps d’esbarjo?",true
21510867,PRE_21510867.txt,"Creus que a l’escola es necessita temps de pati, el temps d’esbarjo?",false
21510868,PRE_21510868.txt,"Creus que a l’escola es necessita temps de pati, el temps d’esbarjo?",false
21510869,PRE_21510869.txt,"Creus que a l’escola es necessita temps de pati, el temps d’esbarjo?",true
21510870,PRE_21510870.txt,"Creus que a l’escola es necessita temps de pati, el temps d’esbarjo?",false
21510871,PRE_21510871.txt,"Creus que a l’escola es necessita temps de pati, el temps d’esbarjo?",true
21510872,PRE_21510872.txt,"Creus que a l’escola es necessita temps de pati, el temps d’esbarjo?",true
21510873,PRE_21510873.txt,"Creus que a l’escola es necessita temps de pati, el temps d’esbarjo?",false
21510874,PRE_21510874.txt,"Creus que a l’escola es necessita temps de pati, el temps d’esbarjo?",true
21510875,PRE_21510875.txt,"Creus que a l’escola es necessita temps de pati, el temps d’esbarjo?",true
21510876,PRE_21510876.txt,"Creus que a l’escola es necessita temps de pati, el temps d’esbarjo?",false
21510877,PRE_21510877.txt,"Creus que a l’escola es necessita temps de pati, el temps d’esbarjo?",false
21510878,PRE_21510878.txt,"Creus que a l’escola es necessita temps de pati, el temps d’esbarjo?",true
21510879,PRE_21510879.txt,"Creus que a l’escola es necessita temps de pati, el temps d’esbarjo?",false
21520880,PRE_21520880.txt,"Creus que a l’escola es necessita temps de pati, el temps d’esbarjo?",true
21520881,PRE_21520881.txt,"Creus que a l’escola es necessita temps de pati, el temps d’esbarjo?",false
21520882,PRE_21520882.txt,"Creus que a l’escola es necessita temps de pati, el temps d’esbarjo?",true
21520883,PRE_21520883.txt,"Creus que a l’escola es necessita temps de pati, el temps d’esbarjo?",true
21520884,PRE_21520884.txt,"Creus que a l’escola es necessita temps de pati, el temps d’esbarjo?",false
21520885,PRE_21520885.txt,"Creus que a l’escola es necessita temps de pati, el temps d’esbarjo?",true
21520886,PRE_21520886.txt,"Creus que a l’escola es necessita temps de pati, el temps d’esbarjo?",true
21520887,PRE_21520887.txt,"Creus que a l’escola es necessita temps de pati, el temps d’esbarjo?",false
21520888,PRE_21520888.txt,"Creus que a l’escola es necessita temps de pati, el temps d’esbarjo?",true
21520889,PRE_21520889.txt,"Creus que a l’escola es necessita temps de pati, el temps d’esbarjo?",true
21520890,PRE_21520890.txt,"Creus que a l’escola es necessita temps de pati, el temps d’esbarjo?",true
21520891,PRE_21520891.txt,"Creus que a l’escola es necessita temps de pati, el temps d’esbarjo?",false
21520892,PRE_21520892.txt,"Creus que a l’escola es necessita temps de pati, el temps d’esbarjo?",false
21520893,PRE_21520893.txt,"Creus que a l’escola es necessita temps de pati, el temps d’esbarjo?",true
21520894,PRE_21520894.txt,"Creus que a l’escola es necessita temps de pati, el temps d’esbarjo?",false
21520895,PRE_21520895.txt,"Creus que a l’escola es necessita temps de pati, el temps d’esbarjo?",true
21520896,PRE_21520896.txt,"Creus que a l’escola es necessita temps de pati, el temps d’esbarjo?",false
21520897,PRE_21520897.txt,"Creus que a l’escola es necessita temps de pati, el temps d’esbarjo?",false
21520898,PRE_21520898.txt,"Creus que a l’escola es necessita temps de pati, el temps d’esbarjo?",true
21520899,PRE_21520899.txt,"Creus que a l’escola es necessita temps de pati, el temps d’esbarjo?",false
21520900,PRE_21520900.txt,"Creus que a l’escola es necessita temps de pati, el temps d’esbarjo?",true
21520901,PRE_21520901.txt,"Creus que a l’escola es necessita temps de pati, el temps d’esbarjo?",true
21520902,PRE_21520902.txt,"Creus que a l’escola es necessita temps de pati, el temps d’esbarjo?",true
21520903,PRE_21520903.txt,"Creus que a l’escola es necessita temps de pati, el temps d’esbarjo?",false
21520904,PRE_21520904.txt,"Creus que a l’escola es necessita temps de pati, el temps d’esbarjo?",true
21520905,PRE_21520905.txt,"Creus que a l’escola es necessita temps de pati, el temps d’esbarjo?",false
